name,corp,city,salary,pub_date
Python研发工程师(001288),空中网,北京-海淀区,1.2-1.8万/月,04-04
高级Python后端工程师,北京理享家商务信息咨询有限公司,北京-东城区,1.5-2.5万/月,04-04
python工程师,北京微步在线科技有限公司,北京-海淀区,1.5-4万/月,04-04
Python 开发工程师,北京华云星地通科技有限公司,北京-海淀区,1.5-2万/月,04-04
Python开发工程师RR,同方鼎欣科技股份有限公司,北京-西城区,0.9-1.2万/月,04-04
Python高级开发工程师,北京棣南新宇科技有限公司,北京-海淀区,1.5-2万/月,04-04
研发工程师（Python/Golang/Linux C）,北京傲盾软件有限责任公司,北京-海淀区,0.5-1.5万/月,04-04
Python高级开发工程师,北京文泽智远信息技术有限公司,北京-海淀区,1.5-2万/月,04-04
Python语言开发工程师,北京信联云通科技有限责任公司,北京-朝阳区,0.8-1.2万/月,04-04
编程教师（C++/Python/scratch）,北京爱提分博乐教育科技有限公司,北京-海淀区,0.6-1.5万/月,04-04
Python工程师,中包物联网科技（北京）有限公司,北京,7-12万/年,04-04
Python开发工程师,博彦科技股份有限公司,北京,1-1.5万/月,04-04
Python/PHP开发工程师,北京华脉世纪石油科技有限公司,北京,0.8-1万/月,04-04
Python培训讲师,北京中公教育科技股份有限公司,北京,1-2万/月,04-04
Python开发工程师(中科实数）,广州中国科学院软件应用技术研究所,北京-朝阳区,0.8-1.6万/月,04-04
高级Linux工程师（c/c++ 、php、python）,北京安德信业信息咨询有限责任公司,北京,30-55万/年,04-04
Python高级开发工程师,北京中创信测科技股份有限公司,北京-海淀区,1.2-2.5万/月,04-04
招聘Python研发工程师一名,北京立方天地科技发展有限责任公司,北京-海淀区,1-1.5万/月,04-04
python软件工程师,北京经纬恒润科技有限公司,北京-海淀区,1-1.5万/月,04-04
Python爬虫工程师,中国广视索福瑞媒介研究有限责任公司,北京-朝阳区,6-8千/月,04-04
Python实习-机器学习方向,寰宇优才教育科技（北京）有限公司,北京-朝阳区,0.8-1万/月,04-04
Python开发工程师（支撑平台）,北京牧游科技有限公司,北京-海淀区,1.5-2万/月,04-04
python讲师,北京创新乐知网络技术有限公司,北京-朝阳区,1.5-3万/月,04-04
资深Python工程师,北京红铅笔广告有限公司,北京,1.8-3.6万/月,04-04
Python开发工程师,上海德拓信息技术股份有限公司,北京-朝阳区,0.8-1.3万/月,04-04
Python高级开发工程师,叠云（北京）科技股份有限公司,北京,1.2-1.5万/月,04-04
python后端架构师,北京艾的教育科技股份有限公司,北京-西城区,2.5-4万/月,04-04
Python web 开发工程师,北京华胜天成科技股份有限公司,北京-海淀区,1-2万/月,04-04
后端高级工程师（Python）,中建材信息技术股份有限公司,北京-海淀区,1.5-2.5万/月,04-04
Python项目经理,北京八维研修学院,北京-海淀区,2-3万/月,04-04
Python工程师,中讯志远（武汉）科技有限公司,北京-朝阳区,1-1.5万/月,04-04
Python开发工程师4775,普信恒业科技发展（北京）有限公司,北京,2.5-3万/月,04-04
11215N-Python开发工程师,平安科技（深圳）有限公司,北京-朝阳区,30-40万/年,04-04
阿里集团-Python开发专家-技术服务平台,阿里巴巴集团,北京,空,04-04
Python中高级开发工程师,新浪微博,北京,2-3.5万/月,04-04
Senior Retail System Engineer(Python),绫致时装（天津）有限公司,北京-朝阳区,1.5-2万/月,04-04
高级/首席软件测试工程师-Python/Ruby/C/Perl/Shell,戴尔（中国）有限公司,北京,30-40万/年,04-04
Python高级开发工程师,北京布科思科技有限公司,北京-海淀区,1-2万/月,04-04
Python开发高级工程师,融联易云金融信息服务（北京）有限...,北京-海淀区,1-2万/月,04-04
Python讲师,达内时代科技集团有限公司,北京-海淀区,1-1.5万/月,04-04
python开发工程师,北京华宇泰聚科技有限公司,北京-海淀区,1.2-1.8万/月,04-04
python web 开发工程师,中国电子科技集团公司第十五研究所...,北京-海淀区,0.8-1万/月,04-03
Python Developer,瞬联软件科技（北京）有限公司 CI...,北京,1-2万/月,04-03
Python开发工程师 - 变现业务,字节跳动,北京,2.5-4万/月,04-03
Python爬虫工程师,北京合力联创科技有限公司,北京,3-4万/月,04-03
Python开发工程师,北京兆维电子（集团）有限责任公司,北京-朝阳区,1.3-1.8万/月,04-03
Python后端开发工程师,乐荐信息科技（北京）有限公司,北京-朝阳区,1.2-1.5万/月,04-03
Python开发工程师,北京微迅联创科技有限公司,北京-海淀区,2-2.5万/月,04-03
Python开发工程师,北京学神科技有限公司,北京-昌平区,1-1.5万/月,04-03
Python算法工程师,深圳前海川谷信息技术有限公司,北京-朝阳区,1.5-2万/月,04-03
Python开发工程师,北京爸爸的选择科技有限公司,北京-朝阳区,1.2-2.4万/月,04-03
Python开发工程师,彩讯科技股份有限公司,北京-东城区,0.8-1.5万/月,04-03
Python研发工程师（房山良乡，苏庄地铁站附近）,北京凤凰学易科技有限公司,北京-房山区,2-4万/月,04-03
资深Python研发工程师,端云信息技术（上海）有限公司,北京-海淀区,1.5-2.5万/月,04-03
python 工程师 （爬虫方向）,北京神州新桥科技有限公司,北京-海淀区,1-1.5万/月,04-03
Python开发工程师,北京斯普信信息技术有限公司,北京,1-1.5万/月,04-03
Python开发工程师（产品研发）,北京东方金信科技有限公司,北京-东城区,0.8-1.5万/月,04-03
python,北京远大创新科技有限公司,北京,1.2-1.7万/月,04-03
Python工程师,苏州深析智能科技有限公司天津分公司,异地招聘,1-1.5万/月,04-03
Python高级开发工程师,北京多维视通技术有限公司,北京-海淀区,1.5-2.5万/月,04-02
Python高级开发工程师,北京鑫瑞天翔科技发展有限公司,北京-大兴区,1.5-2万/月,04-02
Python开发工程师,中国人民解放军军事科学院军事科学...,北京-海淀区,1-1.4万/月,04-02
后台开发工程师（Python/C++）,上海清鹤科技股份有限公司,北京-昌平区,1.2-2万/月,04-02
软件开发工程师 （Python方向）(001631),北京辰安科技股份有限公司,北京,1.5-2.5万/月,04-02
python后台项目经理,北京航空航天大学,北京,2-4万/月,04-02
Python开发工程师(J10388),北京天融信科技有限公司,北京,0.9-1.4万/月,04-02
高级Python软件开发工程师,新奥燃气控股有限公司,北京-朝阳区,1.5-2万/月,04-02
Python开发工程师,苏州闻道网络科技股份有限公司,北京-丰台区,1.3-2万/月,04-01
Python开发工程师,麦田春雪科贸（北京）有限公司,北京-朝阳区,1.5-2万/月,04-01
Python开发工程师,北京缔联科技有限公司,北京-海淀区,1-1.5万/月,04-01
Python(外派中国移动),南京绛门信息科技股份有限公司,北京-朝阳区,0.8-1.6万/月,04-01
Python开发工程师,中金智汇科技有限责任公司,北京,1.5-3万/月,03-31
数据处理（懂python）,文思海辉技术有限公司Pactera Tec...,北京,1-1.5万/月,03-31
高级Python开发工程师,奇虎360科技有限公司,北京,空,03-31
Python讲师,北京书和翰林教育科技有限公司,北京-延庆区,0.8-2万/月,03-29
中级安全服务工程师（python）,北京启明星辰信息安全技术有限公司,北京-海淀区,1.5-2.5万/月,03-29
遥感算法（C/C++、python）气象、生态,中科星图股份有限公司,北京-海淀区,1.3-3万/月,03-29
高级python工程师,曙光信息产业股份有限公司,北京-海淀区,10-15万/年,03-28
Python/JS混合安全工具开发工程师,北京永信至诚科技股份有限公司,北京-海淀区,1.5-2.5万/月,03-28
Python高级工程师,北京海存志合科技股份有限公司,北京-昌平区,1.2-1.5万/月,03-28
AI项目Python软件工程师,上海高重信息科技有限公司,北京-海淀区,1-2万/月,03-28
Python开发工程师,北京流体网络科技有限公司,北京-朝阳区,2-2.5万/月,03-27
Python工程师,新华书店总店,北京-西城区,0.7-1.4万/月,03-27
Python开发工程师,北京魔门塔科技有限公司,北京,空,03-27
技术支持工程师（Python软件运维）,北京普瑞亿科科技有限公司,北京-海淀区,6-8千/月,03-27
python开发工程师(J11765),作业帮教育科技（北京）有限公司,北京-海淀区,2-4万/月,03-27
Python开发工程师（数据）,北京迈普乐科技有限公司,北京-朝阳区,0.8-1.5万/月,03-27
CSIG16-python高级研发工程师,深圳市腾讯计算机系统有限公司,北京,空,03-27
Python开发工程师,奔讯电子科技（北京）有限公司,北京-朝阳区,0.8-1.5万/月,03-26
Python 数据分析/人工智能讲师,北京网络职业学院,北京-房山区,1.8-2.5万/月,03-26
ETL工程师/Python工程师,北京融英乐知科技有限公司,北京-西城区,1.5-1.9万/月,03-26
Python开发工程师,深圳市东方华信科技有限公司,北京-朝阳区,1-1.5万/月,03-26
python 研发工程师,长安通信科技有限责任公司,北京-朝阳区,1-1.5万/月,03-25
Python开发工程师,北京思卓软件有限公司,北京-昌平区,0.8-1.2万/月,03-25
c语言Go开发Java开发python开发,北京布路诺超链科技有限公司,北京-海淀区,2-2.5万/月,03-25
Python开发工程师,望奎新名科技有限公司,北京-海淀区,1.5-2万/月,03-25
Python开发工程师,NTT DATA（中国）有限公司,北京-朝阳区,0.8-1万/月,03-25
Python开发工程师-网络运营部,搜狐媒体,北京-海淀区,1.5-3万/月,03-24
Python开发工程师,我爱我家集团,北京,2-3万/月,03-22
Python开发工程师,融信在线（北京）教育科技有限公司,北京-丰台区,0.8-2万/月,03-21
python运维开发工程师,狐狸金服（北京）信息技术咨询有限...,北京-海淀区,2-3万/月,03-18
"Software Engineer  Python, Java, Cloud",贵州华芯通半导体技术有限公司,北京,1.5-2万/月,03-18
Python开发工程师,普天信息技术有限公司,北京,0.8-1.5万/月,03-18
服务器后端开发工程师(C++、Python)（北京）,哈尔滨安天科技集团股份有限公司,北京,空,03-17
Python开发工程师,北京视野金融信息服务有限公司,北京-海淀区,1-1.6万/月,03-16
Python算法工程师,中经网数据有限公司,北京-西城区,1-1.5万/月,03-16
Python开发工程师,北京展云科技有限公司,北京-丰台区,1.5-2.5万/月,03-15
python/go开发,上海秀可得企业管理咨询有限公司,北京-朝阳区,2-4.5万/月,03-14
医学研发中心--Python研发工程师,北京诺禾致源科技股份有限公司,北京-朝阳区,1-1.5万/月,03-13
Python开发工程师,北京英视睿达科技有限公司,北京-丰台区,1-1.5万/月,03-13
Python讲师,北京七月在线科技有限公司,北京-昌平区,1.8-2.5万/月,03-10
Python开发工程师,北京易诚互动网络技术有限公司,北京-朝阳区,1.5-2万/月,03-10
Python研发工程师,中国科学院计算机网络信息中心,北京-海淀区,0.8-1.2万/月,03-08
python开发工程师,杭州迪普科技股份有限公司,北京-海淀区,10-20万/年,03-08
软件开发工程师(python/c++)-NDS,北京四维图新科技股份有限公司,北京-海淀区,0.8-1万/月,03-08
Python开发工程师,北京第三石信息技术有限公司,北京-朝阳区,1.5-3万/月,03-06
Python高级软件工程师,汇中泰德投资有限公司,北京,2.5-3.5万/月,03-05
Python web后端工程师,泰星达（北京）科技有限公司,北京-顺义区,0.8-1.5万/月,03-02
Python开发工程师,思百达物联网科技（北京）有限公司,北京-朝阳区,1-2万/月,03-02
python后端工程师,北京商高科技有限公司,北京-丰台区,1.5-2万/月,03-01
Python开发工程师（IDC1xhy）,北京东方国信科技股份有限公司,北京,1.5-2.5万/月,02-28
Python开发工程师,北京汉能光伏技术有限公司,北京-朝阳区,2.5-3万/月,02-28
Python讲师,北京童程童美科技有限公司,北京-海淀区,2.5-3万/月,02-27
Python后端高级开发工程师,武汉皮皮外语网络科技有限公司,北京-海淀区,1.5-2.5万/月,02-26
高级python开发工程师,北京中体骏彩信息技术有限公司,北京-朝阳区,1.5-2万/月,02-26
Python就业指导老师(J10736),北京传智播客教育科技有限公司,北京-顺义区,1-1.5万/月,02-25
python助教,传智播客教育集团修正分校,北京-昌平区,10-15万/年,02-25
Python开发工程师,北京易诚互动网络技术有限公司,北京-顺义区,1-2万/月,02-24
Python(RPA)实施开发工程师（软件）,上海艺赛旗软件股份有限公司,北京,0.7-1万/月,02-22
Python开发工程师,Symbio,北京-海淀区,1-1.5万/月,02-22
Python讲师,北京软峰时代科技有限公司,北京-昌平区,1-2万/月,02-20
Python开发工程师,网宿科技股份有限公司,北京-海淀区,1.5-2.5万/月,02-19
高级python开发工程师,北京天云智汇科技有限公司,北京-海淀区,2-3万/月,02-19
Python爬虫开发工程师,北京敏捷艾科数据技术有限公司,北京-朝阳区,0.6-1万/月,02-17
Python开发工程师,北京朗镜科技有限责任公司,北京-朝阳区,2-2.5万/月,02-13
Python/Golang 工程师,图玛深维医疗科技（北京）有限公司,北京-朝阳区,1.5-2.5万/月,02-12
数据研发工程师（JAVA/Python）,北京中知智慧科技有限公司,北京-海淀区,1-1.6万/月,02-11
爱立信cloud产品系统工程师,爱立信信息技术服务（中国）有限公司,北京,1-3万/月,04-04
软件开发师,北京航天爱锐科技有限责任公司,北京,1-3万/月,04-04
助理工程师-应届生岗（C方向）,北京南天软件有限公司,北京,4-6千/月,04-04
游戏U3D客户端（高级）,武汉牧望群网络科技有限公司,异地招聘,2-3万/月,04-04
大数据开发工程师,郑州苹可云科技有限公司,北京-海淀区,2-2.5万/月,04-04
C方向软件工程师（应届生岗）,北京南天信息工程有限公司,北京,4.5-6千/月,04-04
C++ on Linux 开发工程师,北京凯罗斯软件科技有限公司,北京,1-2万/月,04-04
图像识别软件研发,北京康拓红外技术股份有限公司,北京,0.8-2万/月,04-04
IT工程师（EDC系统）,杭州泰格医药科技股份有限公司,北京-朝阳区,1.5-2万/月,04-04
研发工程师,北京煜能电气有限公司,北京-顺义区,1-1.5万/月,04-04
高级模型算法分析师,北京蛙鸣华清环保科技有限公司,北京-朝阳区,1.5-2.5万/月,04-04
NLP算法工程师/专家,美团点评,北京-朝阳区,3-4万/月,04-04
IT系统工程师,东方口岸科技有限公司,北京-海淀区,0.6-1.2万/月,04-04
软件测试工程师,北京中科信利技术有限公司,北京-海淀区,0.6-1.2万/月,04-04
RPA软件实施,北京令才科技有限公司,北京-通州区,6-8千/月,04-04
算法工程师,北京富通东方科技有限公司,北京-朝阳区,1.5-2.5万/月,04-04
研发应届生,路通世纪（中国）科技有限公司,北京,1-1.5万/月,04-04
数据库工程师,郑州菏怀软件科技有限公司,北京-海淀区,1.5-2万/月,04-04
高级图像算法工程师,北京星河泰视特科技有限公司,北京-海淀区,1.5-3万/月,04-04
游戏客户端,星辉游戏,北京-石景山区,0.8-1.3万/月,04-04
游戏运维工程师,苏州美生元信息科技有限公司北京分...,北京-朝阳区,1-1.5万/月,04-04
高级软件工程师（亦庄）,北京优航机电技术有限公司,北京-大兴区,2-3.5万/月,04-04
AI研发工程师,北京研究院,北京,1.5-2万/月,04-04
课程研发,北京泺喜教育科技有限公司,北京-朝阳区,7.5-8.5千/月,04-04
AI大数据工程师,北京同仁堂健康药业股份有限公司,北京,空,04-04
Web前端开发工程师,北京国信创新科技股份有限公司,北京-海淀区,1.8-2.5万/月,04-04
linux系统工程师,国和瑞斯（北京）科技有限公司,北京-海淀区,0.8-1万/月,04-04
网络安全专家（态势感知方向）,上海欣方智能系统有限公司,北京-海淀区,2.5-4万/月,04-04
网站开发,北京索莱宝科技有限公司,北京,6-8千/月,04-04
测试开发主管工程师,联想集团,北京,空,04-04
计算机视觉算法工程师,方正信息产业集团,北京-海淀区,空,04-04
高级服务器工程师(4914),完美世界（北京）总部/完美时空,北京,2.5-3万/月,04-04
报表开发工程师,广州元曜软件有限公司,北京,1.1-1.5万/月,04-04
数据分析师,北京博雅大智慧科技有限公司,北京-海淀区,0.8-3万/月,04-04
C语言开发工程师,北京钰峰科技有限公司,北京-海淀区,2-2.5万/月,04-04
测试工程师-信息安全,北京神州泰岳软件股份有限公司,北京-朝阳区,0.8-1.5万/月,04-04
数据挖掘工程师（北京）,南京天数智芯科技有限公司,北京,2-4万/月,04-04
知识图谱开发工程师,北京法宣在线科技有限公司,北京-海淀区,1-1.5万/月,04-04
网络运维与优化工程师,赛尔网络有限公司,北京-海淀区,4.5-6千/月,04-04
Web前端开发工程师,北京中科同向信息技术有限公司,北京,1-1.5万/月,04-04
网络安全工程师,翰竺科技（北京）有限公司,北京-西城区,1.2-1.7万/月,04-04
爬虫中高级软件工程师,北京蓝拓扑科技股份有限公司,北京-昌平区,1.4-2万/月,04-04
数据治理工程师,北京宏远科创软件有限公司,北京-朝阳区,1.5-3万/月,04-04
Financial Analyst(J21229),捷信消费金融有限公司,北京-朝阳区,1-1.5万/月,04-04
Hybrid APP(混合应用)工程师,北京中科翔龙科技有限公司,北京-海淀区,1.5-2万/月,04-04
系统运维工程师,中央广播电视总台,北京,空,04-04
数据分析师,北京阳光海天停车管理有限公司,北京,1-1.5万/月,04-04
自动化测试开发工程师,北京翼辉信息技术有限公司,北京,0.8-1.2万/月,04-04
自动化、渗透测试工程师,黑龙江英目企业管理咨询有限公司,北京-朝阳区,20-65万/年,04-04
建模分析师,石化盈科信息技术有限责任公司,北京-朝阳区,1-2万/月,04-04
算法工程师/高级工程师,佳能医疗系统（中国）有限公司,北京-朝阳区,1.5-2.5万/月,04-04
二代数据质控工程师3107,北京贝瑞和康生物技术有限公司,北京-昌平区,0.8-1万/月,04-04
生物信息工程师,北京圣谷同创科技发展有限公司,北京-海淀区,1-2万/月,04-04
数据统计分析岗,光大云缴费科技有限公司,北京,空,04-04
自动化运维工程师,易智付科技（北京）有限公司,北京-朝阳区,1.8-2.5万/月,04-04
自动化技术工程师-平台部,隆正信息科技有限公司,北京-朝阳区,1-1.5万/月,04-04
RPA咨询顾问,中审华会计师事务所（特殊普通合伙...,北京-西城区,0.5-2.5万/月,04-04
PHP开发工程师（北京、天津）,北京久其软件股份有限公司,北京,0.9-1.7万/月,04-04
前端工程师(J10268),好大夫在线,北京-朝阳区,2-4万/月,04-04
系统开发工程师,上海拿了就走物联网科技有限公司,北京-海淀区,0.8-3万/月,04-04
少儿编程授课教师,北京北外文创国际教育学研究院有限...,异地招聘,6-8千/月,04-04
前端工程师,龙源创新数字传媒（北京）股份有限...,北京-东城区,1-2万/月,04-04
网络部门主管,北京金恒博远科技股份有限公司,北京-大兴区,1.5-2万/月,04-04
策略数据分析师(J10263),会找房（北京）网络技术有限公司,北京-海淀区,6-8千/月,04-04
数据建模分析经理,盟博广告（上海）有限公司,北京-朝阳区,1.5-2万/月,04-04
高级视频分析工程师,中国科学院自动化研究所,北京-海淀区,20-50万/年,04-04
PHP高级开发工程师,北京甲乙电子商务有限公司,北京-通州区,0.8-1.5万/月,04-04
高级运维工程师,北京爱农驿站科技服务有限公司,北京-西城区,1-2万/月,04-04
软件研发工程师,北京锐智集数电子有限公司,北京-海淀区,0.8-1.5万/月,04-04
AI行业应用开发软件工程师--慧视公司,中国电子科技集团公司第三研究所,北京-朝阳区,0.8-1万/月,04-04
运维工程师,北京捷通华声科技股份有限公司,北京,1-2万/月,04-04
数据统计分析员,北京天石网通科技有限责任公司,北京-西城区,5-7千/月,04-04
DNS运维工程师SGW53,中国信息通信研究院,北京-海淀区,1.4-1.6万/月,04-04
Linux测试工程师,北京可信华泰信息技术有限公司,北京-海淀区,0.8-1.5万/月,04-04
售前架构师,北京云思畅想科技有限公司,北京-海淀区,2-3万/月,04-04
运维工程师,古莘信息技术（广州）有限公司,北京-西城区,1-1.5万/月,04-04
技术工程部-高级运维开发工程师 (MJ002985),北京搜狗科技发展有限公司,北京-海淀区,2.5-3.5万/月,04-04
系统运维中级工程师,福建新大陆软件工程有限公司,北京,1-2万/月,04-04
大数据分析与建模工程师,北京新宇合创信息技术有限公司,北京-丰台区,2-3万/月,04-04
Oracle DBA,杭州沃趣科技股份有限公司,北京-朝阳区,20-40万/年,04-04
Bioinformatics&Stats,上海泱林企业管理咨询有限公司,北京,50-100万/年,04-04
系统工程师,云星数据（深圳）有限公司,北京-朝阳区,1.5-2万/月,04-04
高级开发工程师,天津车易行汽车服务有限公司上海分...,北京,14-34万/年,04-04
ETL/数据仓库工程师,上海媒智科技有限公司,北京-朝阳区,0.8-1.4万/月,04-04
数据仓库工程师,北京冠新医卫软件科技有限公司,北京,2-2.5万/月,04-04
运维工程师-北京-00201,凯美瑞德（苏州）信息科技股份有限...,北京,0.8-1万/月,04-04
数据开发工程师,北京思路创新科技有限公司,北京-海淀区,1-1.5万/月,04-04
高级开发工程师（PLM）（C#  CAD）,中车信息技术有限公司,北京-海淀区,1.5-2万/月,04-04
运维工程师,中国司法大数据研究院有限公司,北京-海淀区,0.9-1.8万/月,04-04
高级运维工程师（办公地点西单，入职央企）,湖南科创信息技术股份有限公司,北京-西城区,1-1.5万/月,04-04
推荐算法工程师1334,OPPO,北京,3-4万/月,04-04
安卓软件测试工程师,深圳市拓保软件有限公司,北京-海淀区,1-2万/月,04-04
软件工程师,北京云和互动信息技术有限公司,北京-海淀区,1-1.5万/月,04-04
急聘/英语/医学/计算机/写手,湖北天恒文化传媒有限公司,北京-西城区,500元/天,04-04
数据仓库工程师,北京神舟航天软件技术有限公司,北京,1.3-2.5万/月,04-04
图像算法工程师,北京全景视觉网络科技股份有限公司,北京-朝阳区,2-3.5万/月,04-04
存储高级测试工程师,北京联创信安科技股份有限公司,北京,1.2-1.8万/月,04-04
驻站博士后,北京海鑫科金高科技股份有限公司,北京,1.5-2.5万/月,04-04
前端开发工程师（小程序方向）,北京贵士信息科技有限公司,北京-朝阳区,1-1.6万/月,04-04
图像处理算法工程师,北京星云互联科技有限公司,北京-海淀区,1.5-2.5万/月,04-04
中高级运维工程师,中国软件与技术服务股份有限公司,北京,0.8-1.6万/月,04-04
数据库运维工程师,北京思特奇信息技术股份有限公司,北京-东城区,0.7-1.2万/月,04-04
运维工程师,北京苦瓜网络科技有限公司,北京-海淀区,6-8千/月,04-04
开源交付工程师,北京昆仑联通科技发展股份有限公司,北京,1.5-3万/月,04-04
云平台工程师,北京华电天仁电力控制技术有限公司,北京-海淀区,空,04-04
高级系统运维工程师(J10469),北京环球国广媒体科技有限公司,北京,1.5-2万/月,04-04
架构师,美亚宏信（北京）信息技术有限公司,北京-海淀区,2-4万/月,04-04
高级运维工程师(J10558),跨越速运集团有限公司,北京-朝阳区,1-1.5万/月,04-04
Data Engineer,北京宝洁技术有限公司,北京-顺义区,15-20万/年,04-04
软件工程师,深圳市科思科技股份有限公司北京分...,北京-朝阳区,1.5-3万/月,04-04
JAVA开发工程师-北京,北京华晨阳通信技术有限责任公司,北京-海淀区,0.6-1万/月,04-04
软件服务工程师（北京）,上海华讯网络系统有限公司,北京-朝阳区,空,04-04
增长策略算法工程师(J190327003),滴滴出行,北京-海淀区,3-4万/月,04-04
生物信息工程师,杭州诺辉健康科技有限公司,北京-昌平区,1-2万/月,04-04
BI - Data analysis Intern(104415),西门子（中国）有限公司Siemens L...,北京,空,04-04
测试开发工程师,爱奇艺（www.iqiyi.com）,北京-海淀区,20-30万/年,04-04
AI算法工程师,长沙海格北斗信息技术有限公司,北京-海淀区,3-4万/月,04-04
流程自动化解决方案经理,瑞银企业管理（中国）有限公司,异地招聘,空,04-04
高级后端开发工程师,联合天际（北京）文化传媒有限公司,北京-东城区,1.5-3万/月,04-04
测试工程师,上海食派士商贸发展有限公司,北京-东城区,1-1.5万/月,04-04
Web前端开发工程师(兼UI设计）,北京英泰智科技股份有限公司,北京-海淀区,1.5-2万/月,04-04
网络安全工程师,北京起鹏科技发展有限公司,北京,0.6-1.2万/月,04-04
2019非北京生源毕业生引进--大数据云计算工程师,北京中盾安民分析技术有限公司,北京-昌平区,1-1.5万/月,04-04
PG数据库工程师,上海诺祺科技有限公司,北京-丰台区,8-13万/年,04-04
遥感大数据智能分析研发岗,浙江航天恒嘉数据科技有限公司,北京-海淀区,15-18万/年,04-04
Linux开发工程师,郑州三友软件科技有限公司,北京,1-1.5万/月,04-04
***英文写手,宁波天巡教育信息咨询有限公司,异地招聘,2.5-3万/月,04-04
算法工程师,广东麦杰防务技术有限公司,北京-石景山区,1-1.5万/月,04-04
数据开发工程师,竹间智能科技（上海）有限公司,北京-海淀区,2-4万/月,04-04
Java开发工程师,上海睿成软件有限公司,北京-石景山区,0.7-1.1万/月,04-04
软件测试工程师,北京经世万方信息技术有限公司,北京-朝阳区,8-10万/年,04-04
存储运维专家,北京同天科技有限公司,北京-海淀区,20-40万/年,04-04
数据分析师（信贷风控）,爱信诺征信有限公司,北京-海淀区,2-3万/月,04-04
区块链开发工程师,航天信息股份有限公司,北京,1.5-2万/月,04-04
动画TD,杭州黑岩网络科技有限公司,异地招聘,0.8-1.5万/月,04-04
白盒测试工程师,比亚迪精密制造有限公司,北京-通州区,0.8-1.6万/月,04-04
资深架构师,中体彩科技发展有限公司,北京-大兴区,3-4万/月,04-04
FPGA验证工程师,辰芯科技有限公司,北京-海淀区,1.5-2万/月,04-04
测试工程师（大型国企北京分公司）,广州汇智通信技术有限公司,北京,15-20万/年,04-04
算法研发工程师（机制方向）（万物智联）,信泰（福建）科技有限公司,异地招聘,1.5-2万/月,04-04
自动化测试工程师,普元信息技术股份有限公司,北京,0.8-1.2万/月,04-04
仪器销售工程师,北京安洲科技有限公司,北京-海淀区,0.5-1万/月,04-04
NLP算法工程师,北京双泽维度信息技术有限公司,北京-朝阳区,1.2-2.4万/月,04-04
算法实习生,洛伦兹（北京）科技有限公司,北京-昌平区,3-5千/月,04-04
Java开发工程师--高级,北京红果科技有限公司,北京-朝阳区,1.5-1.9万/月,04-04
遥感算法工程师,武汉珈和科技有限公司,北京-海淀区,1-2万/月,04-04
运维工程师,维恩贝特科技有限公司,北京-西城区,0.8-1.5万/月,04-04
数据库工程师,中科浩鼎科技股份有限公司,北京-海淀区,1-1.3万/月,04-04
Web前端开发工程师,北京华电通达科技有限公司,北京-海淀区,0.8-1万/月,04-04
DevOps工程师(J10505),亚联集团,北京-大兴区,2.5-3.5万/月,04-04
图像识别算法专家,广州小鹏汽车科技有限公司,异地招聘,3-5万/月,04-04
Linux运维工程师,创远科技,北京-朝阳区,0.8-1.2万/月,04-04
深度学习,北京风影车讯科技有限公司,北京-海淀区,1.5-2万/月,04-04
测试部经理,北京海科融通支付服务股份有限公司,北京,2.5-4万/月,04-04
系统集成工程师,南京君合创胜数据科技有限责任公司,北京,1.2-2.4万/月,04-04
作物模型开发工程师,北京爱科农科技有限公司,北京-朝阳区,0.8-1万/月,04-04
数据挖掘专员,融中集团,北京-朝阳区,0.8-1万/月,04-04
智能算法主管,黑龙江飞鹤乳业有限公司,北京-朝阳区,1.5-2.8万/月,04-04
.NET高级开发工程师,航天开元科技有限公司,北京,1.5-2千/月,04-04
zabbix开发工程师(012389),神州数码（中国）有限公司,北京-海淀区,1.5-2万/月,04-04
漏洞挖掘工程师,北京天防安全科技有限公司,北京-海淀区,0.8-1.5万/月,04-04
销售运营专员/销售支持,北京普盛食品销售有限公司,北京-朝阳区,0.8-1万/月,04-04
售前产品经理,上海数据港股份有限公司,北京-海淀区,2-3.5万/月,04-04
算法工程师（数学方向）,广东朗呈医疗器械科技有限公司,异地招聘,2.5-3.5万/月,04-04
PHP程序员/PHP程序开发,北京纳古良品信息技术有限公司,北京-丰台区,1-1.5万/月,04-04
[金融事业部]基金经理助理,广州亿牛信息科技有限公司,异地招聘,10-20万/年,04-04
语音识别算法工程师,北京三星通信技术研究有限公司,北京-朝阳区,1.5-2.5万/月,04-04
5G解决方案验证工程师,三星半导体（中国）研究开发有限公司,北京-朝阳区,1.5-3万/月,04-04
Web前端开发工程师,北京钱云支付科技有限公司,北京-朝阳区,0.8-1万/月,04-04
实施、运维工程师、系统工程师（Linux）,北京安宁创新网络科技股份有限公司,北京-海淀区,1-1.5万/月,04-04
云安全架构师00019,紫光云技术有限公司,北京-海淀区,3-4万/月,04-04
算法工程师,北京恩典金鼎知行科技有限公司,北京-海淀区,1.8-2.5万/月,04-04
软件测试工程师,上海儒一信息科技有限公司,北京-海淀区,0.8-1.6万/月,04-04
高级软件工程师,北京华泰德丰技术有限公司,北京-海淀区,1.5-2.5万/月,04-04
数据风控研发工程师,优师优堂（北京）网络科技有限公司,北京-朝阳区,2.5-3万/月,04-04
产品总监,海通安恒科技有限公司,异地招聘,2.5-3万/月,04-04
图像算法工程师(0631),凌云光技术集团视觉器件业务部,北京-海淀区,2.5-3万/月,04-04
机器/深度学习算法或应用工程师,上海奕见企业管理咨询有限公司,北京-海淀区,4-5万/月,04-04
图像处理工程师,无锡海斯凯尔医学技术有限公司北京...,北京-海淀区,1-2万/月,04-04
java爬虫工程师,北京新联财通咨询有限公司,北京,1-1.5万/月,04-04
高级搜索工程师,广州星域信息科技有限公司,北京-朝阳区,1.5-3万/月,04-04
校招大数据开发工程师,秒针信息技术有限公司,北京-朝阳区,1.5-2万/月,04-04
大数据分析工程师,中芯国际集成电路制造(北京)有限公司,北京-大兴区,1-1.5万/月,04-04
自动化测试工程师,艾拉丁网络科技（北京）有限公司,北京-朝阳区,2-3.5万/月,04-04
大数据分析师,君合百安仓储科技（北京）有限公司,北京,6-8千/月,04-04
生物信息工程师,江苏先声医学诊断有限公司,北京-海淀区,10-30万/年,04-04
运维工程师(J10397),销售易,北京,1.5-2.5万/月,04-04
软件测试工程师,北京博兴高科科技有限公司,北京-西城区,0.9-1.2万/月,04-04
自然语言处理实习生,数据堂（北京）科技股份有限公司,北京-海淀区,2-4千/月,04-04
大数据算法工程师,广州航新航空科技股份有限公司,北京-朝阳区,30-40万/年,04-04
IT应用和基础设施运营工程师校招岗(004XX3),施耐德（北京）中低压电器有限公司,北京-大兴区,0.8-1万/月,04-04
Senior Software Engineer,浙江海利普电子科技有限公司,北京,30-40万/年,04-04
算法测试工程师,北京快鱼电子股份公司,北京-海淀区,0.8-1.2万/月,04-04
资深品质工程师,西安紫光国芯半导体有限公司,异地招聘,0.8-1.2万/月,04-04
运维工程师,北京中欣银宝通支付服务有限公司,北京-东城区,1-1.5万/月,04-04
大数据总监,灵狐科技股份有限公司,北京-西城区,3-3.5万/月,04-04
算法工程师,威创集团股份有限公司,北京-朝阳区,2-4万/月,04-04
AI Engineer ( for Algorithm Development),新思科技（北京）Synopsys,北京-海淀区,30-50万/年,04-04
Android app开发工程师-北京,北京小鱼易连科技有限公司,北京-朝阳区,1.5-2.5万/月,04-04
算法工程师（直线加速器）,东软医疗系统有限公司,北京-海淀区,2-3万/月,04-04
AI Engineer ( for Software Development),新思科技（上海）Synopsys,北京-海淀区,30-50万/年,04-04
金融数据分析师,北京中佳信科技发展有限公司,北京-朝阳区,1.5-2万/月,04-04
红外技术工程师,上海索辰信息科技有限公司,北京-海淀区,1-2万/月,04-04
网络工程师(院信息中心),中国铁道科学研究院电子计算技术研...,北京-海淀区,0.6-1.5万/月,04-04
统计师,天津艾登科技有限公司,北京-朝阳区,1-1.6万/月,04-04
音频算法工程师,北京君正集成电路股份有限公司,北京,0.9-1.5万/月,04-04
服务器运维,北京艺科汇美生物科技有限责任公司,北京-通州区,0.8-1万/月,04-04
云计算集成工程师-北京,中电福富信息科技有限公司,北京,1-1.8万/月,04-04
系统运维工程师,南京汇银迅信息技术有限公司,北京-海淀区,1.5-2.5万/月,04-04
大数据架构师,北京睿科伦智能科技有限公司,北京-海淀区,4-5万/月,04-04
数据挖掘工程师,北京搜知数据科技有限公司,北京-海淀区,1.5-3万/月,04-04
图像算法工程师,北京友通上昊科技有限公司,北京,1.2-2.5万/月,04-04
高级大数据开发程师,微博动漫,北京-海淀区,1.3-2.5万/月,04-04
大数据开发工程师,北京梧桐车联科技有限责任公司,北京-海淀区,25-45万/年,04-04
Hardware Lab Engineer-System Admin,甲骨文（中国）软件系统有限公司,北京-海淀区,空,04-04
Technical Support Engineer 技术支持,上海华夏邓白氏商业信息咨询有限公司,北京-朝阳区,1-1.5万/月,04-04
系统架构师,北京并行科技股份有限公司,北京-海淀区,2.5-3.8万/月,04-04
人工智能实习生,博奥生物集团有限公司,北京,3-4.5千/月,04-04
遥感算法数据分析师,北京天合睿创科技有限公司,北京-朝阳区,1.5-3万/月,04-04
软件测试工程师,上海异瀚数码科技股份有限公司,北京,0.7-1.2万/月,04-04
保险科技发展与服务部-新技术研究岗(1616),中英人寿保险有限公司,北京,1.5-2万/月,04-04
Android安全研发工程师,郑州信大捷安信息技术股份有限公司,北京,1.8-3万/月,04-04
非嵌入式软件测评工程师,北京源仪迅驰科技有限公司,北京-海淀区,0.8-1.6万/月,04-04
上位机软件开发工程师,美芯晟科技（北京）有限公司,北京-海淀区,1.5-2.5万/月,04-04
openstack运维工程师,深圳市讯方技术股份有限公司,北京-昌平区,0.6-1万/月,04-04
控制和算法工程师,尚一盛世（北京）科技有限公司,北京-海淀区,1.5-2.5万/月,04-04
人工智能实习生,瑞泰新时代（北京）科技有限公司,北京-朝阳区,2-4千/月,04-04
运维经理,北京清果金融信息服务有限公司,北京-海淀区,2-3万/月,04-04
运维工程师,优讯时代（北京）网络技术有限公司,北京-海淀区,4-6千/月,04-04
OpenStack运维技术支持工程师,浙江九州云信息科技有限公司,北京-海淀区,0.6-1.2万/月,04-04
计算机工程师,北京康普森生物技术有限公司,北京-昌平区,0.8-1.6万/月,04-04
运维工程师,北京游道易网络文化有限公司,北京,1.2-1.8万/月,04-04
数据分析师,瑞幸咖啡（中国）有限公司,北京,2.5-3.5万/月,04-04
大数据售前工程师,北京卓信智恒数据科技股份有限公司,北京-石景山区,1.2-2万/月,04-04
web后端软件工程师,北京凯恩帝数控技术有限责任公司,北京-丰台区,1.5-2万/月,04-04
Java开发工程师（丰台）,联合永道（上海）信息技术有限公司,北京,0.7-1万/月,04-04
Linux运维,北京中加国道科技有限责任公司,北京-海淀区,4.5-6千/月,04-04
BI开发工程师,北京文创思宇科技发展有限公司,北京-西城区,0.8-1万/月,04-04
技术经理,惠信易达征信服务（北京）有限公司,北京-朝阳区,2-3万/月,04-04
在线辅导/海外***在线tutor,方圆天下（深圳）科技有限公司,北京-西城区,180元/小时,04-04
JAVA后端开发工程师,飞驰镁物（北京）信息服务有限公司...,北京-朝阳区,2-4万/月,04-04
机器学习算法工程师,北京四海华辰科技有限公司,北京-大兴区,2-3.5万/月,04-04
高级Hadoop工程师（北京）,上海派拉软件股份有限公司,北京-海淀区,2-2.5万/月,04-04
php程序员,北京神鹰城讯科技股份有限公司,北京-海淀区,0.8-1.5万/月,04-04
区块链技术经理,北京鑫根投资管理有限公司,北京-朝阳区,3.6-4万/月,04-04
实习建筑师,全新优筑（北京）建筑设计有限公司,北京-西城区,5-8千/月,04-04
大数据开发工程师,北京航友信息技术有限公司,北京-朝阳区,1-1.5万/月,04-04
深度/机器学习算法或应用工程师,年享人力资源管理（上海）有限公司,北京-海淀区,4-5万/月,04-04
深度学习工程师,中国科学院自动化研究所（洛阳）机...,异地招聘,0.7-1.5万/月,04-04
主机工程师（北京）,电子渠道运营中心,北京,空,04-04
算法工程师-网络与信息安全研究院-云安全研究所,上海研究院,北京,空,04-04
网络技术支持,中国移动通信集团北京有限公司,北京,空,04-04
客户端测试工程师,麒麟合盛网络技术股份有限公司,北京-朝阳区,1-2万/月,04-04
软件开发工程师,国际商业机器（中国）有限公司,北京,空,04-04
全职-行业解决方案研究员（北京）,IBM2019应届生招聘项目,北京,空,04-04
软件工程师,北京量子星光科技有限公司,北京-海淀区,1-2万/月,04-04
高级测试工程师,百视通网络电视技术发展有限责任公司,北京,1-1.5万/月,04-04
主机工程师,电子渠道运营中心,北京,空,04-04
光谱分析算法工程师,贝恩讯谱光电科技（北京）股份有限...,北京-朝阳区,1-2.5万/月,04-04
摄影测量工程师,河南省现代农业大数据产业技术研究...,异地招聘,1-2万/月,04-04
数字货币研究实习生,恒宝股份有限公司,北京-西城区,2-4千/月,04-04
0017安全攻防工程师（北京）,上海研究院,北京,空,04-04
00067-高级反作弊工程师,Adhub（钧云）,北京-朝阳区,1.5-2.5万/月,04-04
Network Engineer（Juniper）,上海每联每信息技术有限公司大连分...,北京,1-2.5万/月,04-04
算法工程师,北京煜邦电力技术股份有限公司,北京,1.8-3万/月,04-04
高级数据分析师,北京先进数通信息技术股份公司,北京,0.8-1.6万/月,04-04
计算机视觉软件工程师,广州笨笨网络科技有限公司,北京-海淀区,1.5-2.5万/月,04-04
AI算法工程师（图像）,北京天源迪科信息技术有限公司,北京-海淀区,1-2万/月,04-04
图像算法工程师,北京华开领航科技有限责任公司,北京-昌平区,2-4万/月,04-04
前端开发工程师,北京易得好康科技有限公司,北京-朝阳区,1-1.5万/月,04-04
高级程序员,北京像素软件科技股份有限公司,北京-朝阳区,2-4万/月,04-04
PHP资深开发工程师,成都堆氧文化传播有限公司,北京-朝阳区,4-9万/月,04-04
运维工程师,北京红鲤鱼数字电影院线有限公司,北京-朝阳区,0.8-1万/月,04-04
服务端开发工程师,北京星球时空科技有限公司,北京-海淀区,0.7-1.4万/月,04-04
DBA工程师,德联易控科技（北京）有限公司,北京-朝阳区,1.5-2.5万/月,04-04
大数据开发工程师,美团点评,北京-朝阳区,2-4万/月,04-04
售前咨询顾问,中智诚征信有限公司,北京-西城区,1.5-2万/月,04-04
大数据咨询顾问,北京明朝万达科技股份有限公司,北京-海淀区,1-2万/月,04-04
IT运维总监（LZHR1002）,朗致集团有限公司,北京-大兴区,30-50万/年,04-04
云运维工程师,北京智普信科技股份有限公司,北京-朝阳区,1-1.5万/月,04-04
运维工程师（git）,北京中农信达信息技术有限公司,北京-海淀区,1-1.5万/月,04-04
软件测试工程师,深圳市思迪信息技术股份有限公司,北京-朝阳区,1-1.5万/月,04-04
量化研究员,广州恒毅投资管理有限公司,北京-海淀区,1-2万/月,04-04
数据分析师,中稻股份有限公司,北京-朝阳区,0.8-1.5万/月,04-04
高精地图高级研发工程师,北京晶众智慧交通科技股份有限公司,北京-朝阳区,2-2.5万/月,04-04
系统运维工程师,湖南金烽信息科技有限公司,北京,1-2万/月,04-04
高级前端开发工程师,北京荣创岩土工程股份有限公司,北京-海淀区,0.6-1.2万/月,04-04
SOFTWARE ENGINEER,金雅拓（北京）智能卡科技有限公司,北京-海淀区,24-42万/年,04-04
前端开发工程师,互联网域名系统北京市工程研究中心...,北京-海淀区,1.5-2万/月,04-04
计算机视觉算法工程师,北京信驰投资顾问有限公司,北京-朝阳区,1.5-3万/月,04-04
高级算法工程师,北京优仕一方商务咨询有限公司,北京-朝阳区,2.5-4.5万/月,04-04
生物信息分析工程师,武汉迈特维尔生物科技有限公司,北京-海淀区,6-7千/月,04-04
计算机视觉算法工程师,银赁中国,北京-朝阳区,1.5-3万/月,04-04
物理层工程师（2019届）,翱捷科技（上海）有限公司,北京-海淀区,空,04-04
自动化运维工程师（需长期出差）,达烁高科（北京）信息技术有限公司,北京-朝阳区,5-9千/月,04-04
IT技术经理,北京赛格立诺办公科技股份有限公司,北京-东城区,2-3万/月,04-04
图像处理算法工程师,中科慧远视觉技术（洛阳）有限公司,北京-海淀区,0.7-1.8万/月,04-04
手机移动端技术支持（iOS/android）,Capgemini Japan K. K.凯捷日本,北京,1-1.5万/月,04-04
网站运维工程师,北京利亚周诺科技有限公司,北京,4.5-6千/月,04-04
逆向工程师,湖南南澳网络科技有限公司,异地招聘,1.5-2万/月,04-04
软件测试工程师,北京恒泰实达科技股份有限公司,北京-丰台区,0.5-1万/月,04-04
课程开发工程师,魔信（北京）科技有限公司,北京-通州区,0.5-1.5万/月,04-04
软件实施工程师（JavaScript数据采集）,商助科技（北京）有限公司,北京-海淀区,空,04-04
Java开发工程师,北京联龙博通电子商务技术有限公司,北京,1-1.5万/月,04-04
大数据架构师,广州海鹚网络科技有限公司,北京-海淀区,3-6万/月,04-04
渗透测试工程师,南京华苏科技有限公司,北京,0.8-1.2万/月,04-04
初、中级软件开发工程师（C++语言）,北京天舟上元信息技术有限公司,北京,0.6-1.2万/月,04-04
运维开发工程师,北京源晨动力技术服务有限公司,北京,0.9-1.7万/月,04-04
软件测试工程师,某大型猎头公司,北京-朝阳区,1-1.5万/月,04-04
机器人导航工程师,清投智能（北京）科技有限公司,北京-海淀区,1-1.5万/月,04-04
测试经理,北京创世云科技有限公司,北京-海淀区,1.5-2万/月,04-04
机械臂控制工程师,中科尚易健康科技（北京）有限公司,北京,15-20万/年,04-04
诚聘植物学写手/生物技术/艺术设计/计算机技术写手,武汉凌云天下网络科技有限公司,异地招聘,0.8-1万/月,04-04
AI人工智能讲师,北京师大安博教育科技有限责任公司,北京-石景山区,2-2.5万/月,04-04
算法研究员,北京清软创新科技股份有限公司,北京,1.5-2万/月,04-04
办事处研发副总,航天精一（广东）信息科技有限公司,异地招聘,1.8-2.5万/月,04-04
嵌入式软件工程师,晶晨半导体（上海）股份有限公司,北京-海淀区,1.5-2.5万/月,04-04
区块链课程研究员,江苏人加信息科技有限公司,北京-昌平区,3-5万/月,04-04
高级算法工程师,北京品友互动信息技术股份公司,北京-朝阳区,2.5-4万/月,04-04
Seo技术专员Seo优化,宜兴易达教育信息咨询有限公司,异地招聘,0.8-1.2万/月,04-04
运维主管,伊顿国际教育集团,北京,1-2万/月,04-04
网站运维工程师,云尖（北京）软件有限公司,北京-海淀区,0.5-1万/月,04-04
自动化测试工程师-研发测试部,国网汇通金财(北京)信息科技有限公司,北京-西城区,1.2-1.9万/月,04-04
后台开发工程师,上海仁东医学检验所有限公司,异地招聘,0.8-1万/月,04-04
C#软件开发工程师,北京知元创通信息技术有限公司,北京-丰台区,15-20万/年,04-04
数据挖掘工程师,中设数字技术股份有限公司,北京-石景山区,2-4万/月,04-04
测试工程师,上海天玑科技股份有限公司,北京-海淀区,0.7-1.2万/月,04-04
大数据java开发,北京聚源锐思数据科技有限公司,北京-海淀区,1.5-2万/月,04-04
H5前端开发工程师,中科微步科技（北京）有限公司,北京-丰台区,0.6-1.2万/月,04-04
风险管理部审批策略岗,北京汽车集团财务有限公司,北京-丰台区,1.5-2万/月,04-04
软件运维工程师,中科软科技股份有限公司,北京,0.8-1万/月,04-04
爬虫测试工程师--938,任子行网络技术股份有限公司,北京-海淀区,0.8-1.5万/月,04-04
项目经理-19077,无锡华云数据技术服务有限公司,北京-朝阳区,2-3万/月,04-04
云计算与虚拟化安全研发实习生,中科信息安全共性技术国家工程研究...,北京-海淀区,4-6千/月,04-04
数据分析师,北京思麦博文化传播有限公司,北京-海淀区,0.6-1万/月,04-04
软件工程师,广东医之云健康产业有限公司,北京-海淀区,1-1.5万/月,04-04
RISC-V 标量/向量核心系统验证工程师,上海赛昉科技有限公司,异地招聘,1-5万/月,04-04
软件测试工程师,北京腾信软创科技股份有限公司,北京-海淀区,1-1.5万/月,04-04
高级C++开发工程师-网络安全,亚信科技（成都）有限公司,异地招聘,1.6-2.5万/月,04-04
某一百强公司#大数据工程师#,万宝盛华人力资源（中国）有限公司,北京-东城区,15-30万/年,04-04
系统架构师,北京国研网络数据科技有限公司,北京-东城区,6-8千/月,04-04
前端开发工程师——中经未来,《中国经营报》社,北京-海淀区,1.5-2.5万/月,04-04
版本管理员,信雅达系统工程股份有限公司,北京-东城区,0.7-1.4万/月,04-04
数据仓库工程师,北京天之华软件系统技术有限责任公司,北京-海淀区,2-3万/月,04-04
DBA工程师,北京瑞尼尔技术有限公司,北京-海淀区,1-2万/月,04-04
大数据开发工程师,北京市盈科律师事务所,北京,0.7-1万/月,04-04
IT运维工程师,易璟集团,北京-海淀区,0.8-1万/月,04-04
软件测试工程师,郑州软通合力计算机技术有限公司,北京-西城区,6-8千/月,04-04
技术研究员,北京嘉诚瑞杰信息技术有限公司,北京-海淀区,2.5-3万/月,04-04
图像重建算法工程师,佛山原子医疗设备有限公司,北京-昌平区,2-3万/月,04-04
数据仓库开发工程师,南通东华软件有限公司,北京-朝阳区,1.4-1.8万/月,04-04
大数据产品总监,广州瀚信通信科技股份有限公司,北京-西城区,2.5-3.5万/月,04-04
生物信息分析工程师,武汉康测科技有限公司,异地招聘,0.6-1万/月,04-04
软件测试工程师,大连华信计算机技术股份有限公司,北京-朝阳区,0.9-1.5万/月,04-04
进站博士后（大数据处理方向）,北京尚水信息技术股份有限公司,北京-海淀区,1-1.5万/月,04-04
网络安全工程师,北京普华恒信技术服务有限公司,北京-顺义区,0.8-1万/月,04-04
图像算法工程师,北京理工雷科电子信息技术有限公司,北京,1-1.5万/月,04-04
功能测试工程师,车音智能科技有限公司,北京,1.5-2.5万/月,04-04
java中级开发工程师,明德博学（北京）教育科技有限公司,北京-海淀区,1-1.5万/月,04-04
机器视觉工程师（深度学习方向）,广东红橙云大数据有限公司,异地招聘,2-3万/月,04-04
前端/后端开发工程师,健帆生物科技集团股份有限公司,北京-西城区,2-3万/月,04-04
前端工程师,中航嘉信商务旅行管理有限公司,北京-朝阳区,1.2-1.7万/月,04-04
物联网解决方案技术支持工程师,研华（中国）有限公司,北京,0.8-1.5万/月,04-04
软件测试工程师（北京）,南京唯实科技有限公司,北京-海淀区,0.6-1万/月,04-04
视觉工程师,苏州艾利特机器人有限公司,北京-海淀区,1.5-2万/月,04-04
测试工程师,深圳市泰和安科技有限公司,北京-朝阳区,1-1.5万/月,04-04
自动化测试工程师,中电科技（北京）有限公司,北京-海淀区,1-1.5万/月,04-04
数据算法工程师,北京普析通用仪器有限责任公司,北京-昌平区,0.8-1万/月,04-04
运维实施工程师,东华软件股份公司,北京-海淀区,空,04-04
后端开发工程师（PaaS方向）,嘉兴安越企业管理咨询有限公司,北京-昌平区,1-3万/月,04-04
编译器工程师,苏州中科先进技术研究院有限公司,异地招聘,1.5-5.5万/月,04-04
数据库/数据工程师-北京-00003,安科光电（北京）有限公司,北京-大兴区,1.5-2.5万/月,04-04
运维工程师,北京裕翔创力科技有限责任公司,北京-朝阳区,0.8-1万/月,04-04
中级系统运维工程师,北京天航信民航通信网络发展有限公司,北京-朝阳区,1.5-2.5万/月,04-04
开发工程师,北京盖特爱达科技有限公司,北京-石景山区,0.8-1万/月,04-04
Data Modeler 数据分析师,益博睿信息技术（北京）有限公司,北京-朝阳区,1-2万/月,04-04
嵌入式软件开发工程师,北京纵横机电科技有限公司,北京,12-35万/年,04-04
嵌入式白盒测试工程师,北京大华无线电仪器有限责任公司,北京-海淀区,1-1.4万/月,04-04
C++实习程序（毕业转正）,谷游科技（深圳）有限公司,异地招聘,0.8-2万/月,04-04
推荐算法工程师,网易集团,异地招聘,2-2.5万/月,04-04
数据中心运维工程师,中粮信息科技有限公司,北京-朝阳区,1.5-2.8万/月,04-04
数据决策主管(10023736),宜信普惠信息咨询（北京）有限公司,北京,1.5-2万/月,04-04
数据分析师(10023229),宜信卓越财富投资管理（北京）有限...,北京-朝阳区,1.5-2.5万/月,04-04
研发工程师3082,宜信公司,北京-朝阳区,2-2.5万/月,04-04
数据挖掘师,宜信普惠信息咨询（北京）有限公司,北京-朝阳区,1-1.5万/月,04-04
数据平台工程师10139,宜信博诚保险销售服务（北京）股份...,北京,2-2.5万/月,04-04
运维开发工程师,完美世界（北京）总部/完美时空,北京,1.5-2万/月,04-04
04570-PHP高级开发工程师_新浪体育,新浪网技术（中国）有限公司,北京,2-3.5万/月,04-04
Software Engineer II,微软应用与服务部门（ASG）,北京,空,04-04
Sr Consultant,微软销售市场和服务集团 （SMSG）,北京,空,04-04
Senior Software Engineer-AI,微软亚洲研究院 （MSRA）,北京,空,04-04
Applied Scientists,微软技术与研发部门（T&R),北京,空,04-04
大数据开发工程师,新华三技术有限公司,异地招聘,1.5-2万/月,04-04
C++ Software Engineer 3256742 C++软件开发工程师,GE医疗集团,北京,空,04-04
Senior Associate/Manager-IT Data_BJ,PwC 普华永道,北京,空,04-04
云计算研发工程师 - Cloud Software Engineer,Hewlett Packard Enterprise,北京-朝阳区,2-3万/月,04-04
资深应用研究员-燃料乙醇,诺维信（中国）投资有限公司,北京,2-2.5万/月,04-04
Senior Digital Data Scientist and Engineer,安捷伦科技有限公司Agilent Techn...,北京-朝阳区,空,04-04
Web前端开发工程师,亚信科技（中国）有限公司,北京-海淀区,1.2-2万/月,04-04
互联网运维工程师,亚信软件OBC,异地招聘,1.5-2万/月,04-04
Developer Radio Performance Verification 247937,Ericsson (China) Communications...,北京-朝阳区,空,04-04
Java开发工程师,冠融前沿（北京）软件技术有限公司,北京,0.8-1.5万/月,04-04
SE，BSE，PG（日语）IT工程师,大连滋德商务咨询有限公司,异地招聘,1.5-3万/月,04-04
运维工程师,合医（北京）网络科技有限公司,北京-东城区,0.7-1.5万/月,04-04
产品风控政策（高级）主管,有利网,北京-朝阳区,1-2万/月,04-04
数据标注专员(J10858),好车酷酷二手车经纪（天津）有限公司,北京,1-1.5万/月,04-04
数据分析高级顾问,北京华晟经世信息技术有限公司,北京,1-1.5万/月,04-04
网络安全技术,深圳市博奥特科技有限公司,北京-西城区,1.5-2万/月,04-04
Linux运维工程师(J10005),北京知道创宇信息技术股份有限公司,北京-朝阳区,1-1.5万/月,04-04
云网络安全工程师,北京中油瑞飞信息技术有限责任公司,北京,1-3万/月,04-04
软件测试工程师,中软国际科技服务有限公司,北京-朝阳区,1-1.5万/月,04-04
营销中心-实习生(J14499),金风科技-风机单元-营销中心,北京-大兴区,2-4千/月,04-04
API开发工程师,由昉信息科技(上海)有限公司,异地招聘,1.5-2万/月,04-04
PHP高级经理,北京太度快乐网络技术有限公司,北京-朝阳区,1.5-2万/月,04-04
信息安全工程师,北京三零卫士信息安全技术有限公司,北京-丰台区,1.2-1.5万/月,04-04
Java开发工程师(北京),东方微银科技（北京）有限公司,北京,1.2-1.6万/月,04-04
数据分析师,北京荣之联科技股份有限公司,北京-朝阳区,1-1.5万/月,04-04
图像识别工程师,北明智通（北京）科技有限公司,北京,2-2.5万/月,04-04
人工智能与机器人讲师,神州智造教育科技（北京）有限公司,北京-海淀区,3-5千/月,04-04
图像算法实习生,软件开发,北京,空,04-04
图像算法工程师,亿阳信通股份有限公司,北京,2-4万/月,04-04
客服运维（上班地点济南）,北京承启通科技有限公司,异地招聘,4-6千/月,04-04
安全分析工程师,恒安嘉新（北京）科技股份公司,北京-海淀区,1.5-2万/月,04-04
初级信息安全工程师,中国化工信息中心有限公司,北京,0.8-1万/月,04-04
储备工程师（IT行业）,广州嘉为科技有限公司,北京-海淀区,6-8千/月,04-04
前端开发工程师,北京中科云视科技有限公司,北京-海淀区,1-1.5万/月,04-04
测试工程师（渗透测试）,北京安信多乐科技有限公司,北京-朝阳区,0.8-1.2万/月,04-04
测试工程师（QAE）,奇手信息技术（上海）有限公司,北京-朝阳区,6-9千/月,04-04
大数据开发工程师,中元众诚（北京）科技有限公司,北京-海淀区,2-2.5万/月,04-04
大数据高级分析师,北京市朝阳区规划艺术馆,北京-朝阳区,6-8千/月,04-04
ETL初级工程师（数据仓库工程师）,蓝科财务咨询（上海）有限公司,北京,0.8-1万/月,04-04
中高级软件测试讲师,博为峰（北京）信息技术有限公司,北京-海淀区,1-1.5万/月,04-04
软件测试主管（ERP）,北京智邦国际软件技术有限公司,北京-海淀区,1-1.5万/月,04-04
DBA（mysql方向，海外菲律宾）,深圳市第一企业管理咨询有限公司,北京,2.5-3万/月,04-04
深度学习算法工程师,无锡先导智能装备股份有限公司,异地招聘,2-3万/月,04-03
数据分析经理（南京）,vivo智能手机（维沃移动通信有限公...,异地招聘,2.5-5万/月,04-03
安全工程师,天九共享控股集团有限公司,北京-朝阳区,1.5-2万/月,04-03
NLP算法工程师,中文未来教育科技（北京）有限公司,北京-海淀区,1.5-2.5万/月,04-03
Senior Quality Engineer,湛熙企业管理咨询（上海）有限公司,北京-海淀区,2-3.5万/月,04-03
功能测试工程师,厦门至恒融兴信息技术有限公司,北京,0.8-1.6万/月,04-03
绑定师,太崆动漫（武汉）有限公司,异地招聘,15-20万/年,04-03
Java高级服务器开发,北京巨成多美科技有限责任公司,北京-朝阳区,3-4万/月,04-03
Big Data analyst,大众汽车（中国）投资有限公司,北京,空,04-03
商业运营平台部_高级数据研发工程师,百度在线网络技术（北京）有限公司,北京-海淀区,1.5-3万/月,04-03
数据处理专员,北京康柏汉森医药科技咨询有限责任...,北京-朝阳区,6-8千/月,04-03
软件测试工程师(001555),东方网力科技股份有限公司,北京,1-2万/月,04-03
大数据(开发、分析、算法),北京中软联动科技有限公司,北京,1.5-2.5万/月,04-03
技术研发中心2019届管培生,北京长久物流股份有限公司,北京,6-8千/月,04-03
Linux kernel内存优化工程师-小米电视,小米通讯技术有限公司,北京-海淀区,2.5-3万/月,04-03
高级导航算法工程师,北京众星智能科技有限责任公司,北京-大兴区,0.8-1.5万/月,04-03
数据库运维工程师,中国招标公共服务平台有限公司,北京,1-2万/月,04-03
微软中国—AI 应用开发,北京迪美策方市场咨询有限公司,北京,1.5-2万/月,04-03
图像算法工程师(000408),紫光陕数大数据有限公司,北京-海淀区,3-4万/月,04-03
高薪招聘招聘专员,上海佩琪信息技术有限公司,异地招聘,7-8千/月,04-03
架构师（golang/c++）,北京多来点信息技术有限公司,北京-西城区,3.5-5万/月,04-03
机器视觉算法工程师(000956),中移（杭州）信息技术有限公司,异地招聘,2.5-3万/月,04-03
网络运维工程师,江苏佳源科技有限公司,北京-西城区,0.8-1万/月,04-03
iOS自动化测试,世纪佳缘网,北京-朝阳区,1-2万/月,04-03
大数据开发实习生/应届生,北京志联利盟科技发展有限公司,北京-朝阳区,6-8千/月,04-03
c++软件开发工程师,金钱猫科技股份有限公司,异地招聘,1-2万/月,04-03
图像算法工程师,北京铁道工程机电技术研究所股份有...,北京,1-2万/月,04-03
Web前端开发工程师-高教,青岛伟东云教育集团有限公司,北京-海淀区,1.3-1.7万/月,04-03
JAVA开发,北京博科管理技术有限公司,北京,3-8千/月,04-03
网络质量工程实习生,万宝盛华企业管理咨询（上海）有限...,北京,3-4千/月,04-03
系统开发工程师,深圳市国电科技通信有限公司,北京-丰台区,1.5-2万/月,04-03
Product Engineer 产品工程师,亚德诺半导体技术（上海）有限公司,北京-海淀区,1.5-2万/月,04-03
Software Development Specialist _ GSP,博世力士乐（北京）液压有限公司,北京,空,04-03
算法工程师,清华大学IC装备精密与测控技术研究...,北京-海淀区,0.7-1.5万/月,04-03
软件测试讲师/助理讲师,汉科软（北京）科技有限公司,北京-昌平区,0.6-1.5万/月,04-03
大数据产品经理,中数信安（北京）商务管理有限公司,北京-丰台区,2-3万/月,04-03
风控经理/总监（风控策略方向）,微神马科技（大连）有限公司,北京-朝阳区,1.5-3.5万/月,04-03
测试工程师,天津紫藤科技股份有限公司,北京-海淀区,6-8千/月,04-03
高级算法工程师(视觉\语言\机器学习),深圳市执行力企业管理顾问有限公司,北京,30-70万/年,04-03
云计算开发工程师,北京易鲸捷信息技术有限公司,北京-朝阳区,1.5-2.2万/月,04-03
PHP开发工程师,深圳市网心科技有限公司,北京-海淀区,1.5-3.5万/月,04-03
PHP开发工程师（语玩）,贵阳朗玛信息技术股份有限公司,北京-海淀区,0.6-1.2万/月,04-03
生物信息项目经理,安诺优达基因科技（北京）有限公司,北京-大兴区,2-3万/月,04-03
linux驱动开发工程师,东莞市安仕人力资源有限公司,北京-昌平区,20-30万/年,04-03
研发经理,太阳驹（北京）科技发展有限公司,北京-朝阳区,15-20万/年,04-03
软件测试工程师 (MJ000036),优奈柯恩（北京）科技有限公司,北京-海淀区,1-2万/月,04-03
存储开发工程师(000940),启迪国信科技有限公司,北京-东城区,2.5-3万/月,04-03
视觉算法工程师,嘉兴驭光光电科技有限公司,北京-海淀区,1.5-3万/月,04-03
JAVA架构师,南京普惠旭晟药业科技有限公司,北京-朝阳区,2.5-3万/月,04-03
Linux操作系统测试工程师,中标软件有限公司,北京-海淀区,0.8-1.6万/月,04-03
高级运维工程师,大庆油田工程有限公司北京分公司,北京,1.5-2.2万/月,04-03
系统管理员,北京百灵威科技有限公司,北京-昌平区,1-1.5万/月,04-03
云计算大数据工程师,北京技德系统技术有限公司,北京-朝阳区,1-2万/月,04-03
生物信息研发工程师,北京卓诚惠生生物科技股份有限公司,北京-昌平区,0.8-1万/月,04-03
Golang后端工程师,武汉黑虫网络科技有限公司,异地招聘,1-1.8万/月,04-03
Salesforce Application Delivery 实施顾问,大连展锋人力资源开发有限公司,北京,30-40万/年,04-03
系统集成工程师,北京海天起点技术服务股份有限公司,北京,1-1.5万/月,04-03
渗透测试工程师,深圳市安络科技有限公司,北京,1-2万/月,04-03
前端开发工程师,北京时代数维科技有限公司,北京-海淀区,1-1.5万/月,04-03
Java开发工程师,北京智控美信信息技术有限公司,北京,1-1.5万/月,04-03
导航算法工程师,坎德拉（深圳）科技创新有限公司,北京-海淀区,1.5-3万/月,04-03
系统开发高级工程师-Y7,中铁信安（北京）信息安全技术有限...,北京-海淀区,1.4-2.1万/月,04-03
售后技术支持,北京商联达科技有限公司,北京-海淀区,0.8-1万/月,04-03
数据工程师-1017,珠海盈米基金销售有限公司,北京-海淀区,2-3万/月,04-03
网站运维工程师,北京创新在线网络技术有限公司,北京-海淀区,0.6-1万/月,04-03
图像处理及深度学习工程师,航天图景（北京）科技有限公司,北京-顺义区,1.3-1.8万/月,04-03
初级测试工程师,青岛国富金融资产交易中心有限公司,北京-西城区,6-8千/月,04-03
软件及产品支持工程师,海克斯康测量技术（青岛）有限公司,异地招聘,1.5-2万/月,04-03
高级软件工程师,北京国富安电子商务安全认证有限公司,北京,1.5-2万/月,04-03
云售前 售后实施,北京索云科技股份有限公司,北京-海淀区,1-2万/月,04-03
自动测试工程师,A10 Networks Inc,北京-海淀区,1.3-1.8万/月,04-03
资深软件测试工程师,聚束科技（北京）有限公司,北京-大兴区,2.5-4万/月,04-03
Enterprise Architecture Management,精巧信息咨询（北京）有限公司,北京-朝阳区,3-8万/月,04-03
Linux高级运维工程,深圳达闼科技控股有限公司,北京-朝阳区,1.5-2.5万/月,04-03
Web后、前端开发工程师（合伙人）,北京福宏宇科技有限公司,北京-西城区,5-6千/月,04-03
Linux开发工程师,北京亿赛通科技发展有限责任公司,北京,1-1.5万/月,04-03
高级图像算法工程师,广东微模式软件股份有限公司,北京,4-7万/月,04-03
产品应用专员_BDB_北京（Bioinformatics）,碧迪医疗器械（上海）有限公司,北京,空,04-03
APP测试工程师,三联生活传媒有限公司,北京-朝阳区,0.7-1万/月,04-03
高级测试工程师,北京百得利汽车进出口集团有限公司,北京-海淀区,1.5-2万/月,04-03
算法工程师（数据挖掘）,北京清能互联科技有限公司,北京-海淀区,1.5-2万/月,04-03
初级数据分析师 (MJ000168),北京推想科技有限公司,北京-朝阳区,1-2万/月,04-03
区块链底层开发工程师,易视腾科技股份有限公司,北京,2.5-5万/月,04-03
运维工程师,北京凯拉斯信息技术有限公司,北京-西城区,5-8千/月,04-03
数据库工程师,广州奥格智能科技有限公司,北京-西城区,0.8-1.6万/月,04-03
机器视觉算法副研究员,苏州中科全象智能科技有限公司,异地招聘,2-3万/月,04-03
BI工程师,兰亭集势,北京,1.5-3万/月,04-03
产品主管,卓望公司教育事业部,北京-西城区,1-2万/月,04-03
IBM Cloud Developer,IBM China,北京,3-4万/月,04-03
爬虫开发工程师,浙江华治数聚科技股份有限公司,北京-海淀区,1-1.5万/月,04-03
系统运维工程师,实界纪元（北京）科技有限公司,北京-海淀区,1-1.5万/月,04-03
数据科学家（应届生）,亚信科技（中国）有限公司,北京,空,04-03
空气质量数据分析师（北京）,广东旭诚科技有限公司,北京-朝阳区,0.8-1.4万/月,04-03
高级研发工程师,航天四创科技有限责任公司,北京-丰台区,1.5-3万/月,04-03
嵌入式技术工程师,瑞晶睿达电子技术（北京）有限公司,北京-朝阳区,1-1.5万/月,04-03
Senior Application Specialist,沃尔沃集团中国,北京,空,04-03
BI数据分析师(J12559),北京汇通天下物联科技有限公司,北京-海淀区,2-2.5万/月,04-03
运维开发工程师 （SRE）,上海正圆计算机科技有限公司,北京-东城区,1.5-3万/月,04-03
（高级）研究经理,央视市场研究股份有限公司,北京-西城区,1.5-3万/月,04-03
高级数据分析专员,上海乐融金融信息服务有限公司,北京-石景山区,1.5-2万/月,04-03
数据分析师--数据挖掘方向（医药背景）,医药魔方,北京-朝阳区,0.7-1.6万/月,04-03
云计算支持工程师,北京鼎兴达信息科技股份有限公司,北京,0.8-1万/月,04-03
中高级Linux C/C++研发工程师,北京中宇万通科技股份有限公司,北京,0.8-1.5万/月,04-03
运维开发工程师,普尔莱克乳业（北京）有限公司,北京-朝阳区,1-2万/月,04-03
通信技术工程师,北京华琪软通技术有限公司,北京-海淀区,3-6千/月,04-03
IT运维工程师,北京中科利丰科技有限公司,北京-海淀区,1-1.5万/月,04-03
图像处理/算法工程师,安徽启迪博清自动化科技有限公司,北京-大兴区,1.2-2万/月,04-03
测试工程师,席勒（中国）医疗设备有限公司,北京-朝阳区,6-8千/月,04-03
MR临床应用专家,北京清影华康科技有限公司,北京-海淀区,1.5-3万/月,04-03
软件测试工程师,中电华瑞技术有限公司,北京-海淀区,0.5-1万/月,04-03
金融工程产品经理,华西证券股份有限公司,北京-海淀区,1-3万/月,04-03
高级传感器算法工程师,北醒（北京）光子科技有限公司,北京-海淀区,1.5-3万/月,04-03
高级开发工程师（大数据平台） (MJ001573),欢聚时代（多玩YY）,异地招聘,2.5-5万/月,04-03
网络应用运维工程师,北京圣通和科技有限公司,北京,4-7千/月,04-03
研发工程师,天职国际会计师事务所（特殊普通合...,北京-海淀区,15-20万/年,04-03
金融公司聘软件测试工程师,北京银丰新融科技开发有限公司,北京-朝阳区,1-1.5万/月,04-03
高级运维工程师,郑州金惠计算机系统工程有限公司,北京-海淀区,0.6-1.5万/月,04-03
项目实施工程师-北京,优维科技（深圳）有限公司,北京-朝阳区,1-2万/月,04-03
运维工程师,上海依图网络科技有限公司,异地招聘,1.5-3万/月,04-03
软件测试实习生,北京特艺企业管理有限公司,北京-海淀区,180元/天,04-03
高级java研发工程师,二六三网络通信股份有限公司,北京,2-2.3万/月,04-03
IC SOC集成工程师（上限可谈）,大唐移动通信设备有限公司,北京-海淀区,2-4万/月,04-03
数据建模分析师,民生易贷（珠海）互联网金融信息服...,北京-海淀区,1.8-2.8万/月,04-03
模拟器开发工程师,记忆科技（深圳）有限公司,北京-海淀区,2-2.5万/月,04-03
CMP后台开发工程师,优刻得科技股份有限公司,北京,2-4万/月,04-03
高级算法工程师（算法专家）,宏图瀛通（广州）人力资源有限公司,异地招聘,50-100万/年,04-03
爬虫工程师,中国企业评价协会,北京-朝阳区,1-1.5万/月,04-03
Oracle DBA（数据库管理员）,北京森艾电子技术有限公司,北京,6-12万/年,04-03
量化工程师-实习生,慢雪球投资管理（北京）有限责任公司,北京-海淀区,2-3千/月,04-03
数据分析师,北京果加智能科技有限公司,北京-海淀区,1-1.3万/月,04-03
嵌入式系统应用软件工程师,珠海亿智电子科技有限公司,北京-海淀区,1-2万/月,04-03
软件测试工程师,亚创（上海）工程技术有限公司,北京-大兴区,1-1.5万/月,04-03
研究院-云开发测试研究员,深圳市赢时胜信息技术股份有限公司...,北京-朝阳区,1.5-3万/月,04-03
AI算法工程师,北京寻宝天行网络技术有限公司,北京-朝阳区,1-3万/月,04-03
首席科学家（CTO）,北京盛德信联科技有限公司,北京-朝阳区,2.5-5万/月,04-03
软件研发工程师,北京康斯特仪表科技股份有限公司,北京,0.9-2万/月,04-03
编程开发工程师,北京博联众睿机器人科技有限公司,北京-大兴区,6-8千/月,04-03
高级算法工程师,火石创造（医健产业大数据）,异地招聘,2-4万/月,04-03
Data engineer,阳光雨露信息技术服务（北京）有限...,北京-海淀区,0.7-1.1万/月,04-03
平台开发工程师,北京麦迪克斯科技有限公司,北京,1.5-2.5万/月,04-03
运维经理,北京首金中小微企业金融服务有限公司,北京-海淀区,1.5-3万/月,04-03
高级JAVA工程师,金色大田科技有限公司,北京-海淀区,2-3万/月,04-03
前端运维工程师,中数通信息有限公司,北京-海淀区,4-7千/月,04-03
web开发工程师-峰米,深圳光峰科技股份有限公司,北京-海淀区,2-3万/月,04-03
测试工程师主管,北京中科辅龙信息技术有限公司,北京-海淀区,1-1.8万/月,04-03
Java开发工程师,五彩鹿儿童行为矫正中心,北京-朝阳区,1-1.8万/月,04-03
系统开发工程师,中青联盟大数据研究（北京）有限公司,北京-朝阳区,1-2万/月,04-03
JAVA高级软件工程师,建研科技股份有限公司,北京-朝阳区,1.5-2.5万/月,04-03
数据挖掘工程师,北京鼎腾科技有限公司,北京-顺义区,2-2.5万/月,04-03
软件项目经理（工作地点：立水桥）,哈尔滨工大特种机器人有限公司,北京-朝阳区,1.2-2.4万/月,04-03
大数据开发,南京迈特望科技股份有限公司,北京-西城区,0.8-1万/月,04-03
运维工程师,游艺春秋网络科技（北京）有限公司,北京-海淀区,4-8千/月,04-03
量化IT开发工程师,一体未来（北京）信息咨询有限公司,北京-朝阳区,2-3.5万/月,04-03
安全服务工程师-北京J11683,绿盟科技,北京-海淀区,1-2万/月,04-03
Linux运维工程师,北京迈基诺基因科技股份有限公司,北京-顺义区,1-1.5万/月,04-03
量化数据分析师,因诺（上海）资产管理有限公司,北京-西城区,1-2万/月,04-03
云计算运维经理,北京绿色苹果技术有限公司,北京-海淀区,1-1.5万/月,04-03
区块链高级研发工程师,北京时代远行信息科技有限公司,北京-朝阳区,2-2.5万/月,04-03
日企汽车设计项目经理(编号106296) 英语必须,上海艾杰飞人力资源有限公司,北京,1.8-3.7万/月,04-03
资深基础架构工程师（云平台方向）,合肥中科类脑智能技术有限公司,北京-海淀区,4-8万/月,04-03
运维工程师,北京安软信息科技有限公司,北京-海淀区,6-8千/月,04-03
人脸识别系统测试,北京中闰建设有限公司,北京-海淀区,1-1.5万/月,04-03
视频算法工程师,海信网络科技公司,异地招聘,2-2.5万/月,04-03
计算机视觉算法研究员,新华网股份有限公司,北京-西城区,2.2-2.9万/月,04-03
视觉算法工程师,昆山星际舟智能科技有限公司,异地招聘,1.3-2.6万/月,04-03
高级应用架构工程师,烟台欣和企业食品有限公司,北京-朝阳区,1.5-2.5万/月,04-03
光伏研发工程师,北京鉴衡认证中心有限公司,北京-朝阳区,1-1.5万/月,04-03
北京分公司-开发工程师,中国保险信息技术管理有限责任公司,北京,空,04-03
技术应用-技术应用研究岗（软件开发工程师）,中国邮政研究院,北京,空,04-03
资深DBA,中国人民人寿保险股份有限公司,北京,空,04-03
云缴费事业中心—数据管理岗,中国光大银行总行,北京,空,04-03
数据统计分析岗,光大云缴费科技有限公司,北京,空,04-03
研发部-PHP工程师,人民网股份有限公司,北京-朝阳区,0.8-1.6万/月,04-03
网络安全工程师,北京鼎驰信诚科技发展有限公司,北京,1.3-1.7万/月,04-03
金融工程分析师(J11099),东北证券股份有限公司,北京,空,04-03
大数据开发工程师,湖北亿咖通科技有限公司,北京-朝阳区,2-4万/月,04-03
中级运维工程师,北京鑫方盛五金交电有限公司,北京-大兴区,0.8-1.2万/月,04-03
自动化测试工程师,北京乐智才云信息科技有限公司,北京-东城区,0.8-1万/月,04-03
Docker开发工程师,北京炎黄新星网络科技有限公司,北京-海淀区,0.8-1.5万/月,04-02
C++开发工程师,北京四维智联科技有限公司,北京-海淀区,1.5-2万/月,04-02
算法工程师,深圳市喂车科技有限公司,北京-东城区,1.6-3万/月,04-02
大数据专家,广州餐道信息科技有限公司,异地招聘,2-4万/月,04-02
Computer Vision Engineer,英特尔（中国）有限公司,北京,空,04-02
Cloud System Engineer,英特尔（中国）有限公司北京分公司,北京,空,04-02
中级技术支持工程师,上海牙木通讯技术有限公司,北京-朝阳区,1.2-2万/月,04-02
爬虫开发工程师,慧科讯业（北京）网络科技有限公司,北京-朝阳区,1.5-3万/月,04-02
风险建模师 (MJ001234),PPmoney万惠集团,异地招聘,2-5万/月,04-02
PHP开发工程师,北京玄金网络科技有限公司,北京-朝阳区,1-2万/月,04-02
数据库实施运维,北京赫德阳数据通信科技有限公司,异地招聘,1.5-2万/月,04-02
软件测试工程师,中科海拓（北京）科技有限公司,北京-丰台区,1-1.5万/月,04-02
绑定设置师,华强方特设计院（厦门）有限公司,异地招聘,0.5-1万/月,04-02
"Analyst, Global Data & Information Management",仲量联行,北京-朝阳区,1-1.5万/月,04-02
测试工程师,青牛（北京）技术有限公司,北京-石景山区,1-1.5万/月,04-02
测试开发工程师,罗德与施瓦茨（中国）科技有限公司,北京,20-40万/年,04-02
Web前端开发工程师,北京简巨科技有限公司,北京-朝阳区,1-2万/月,04-02
资深Java后端开发工程师,亚太信宇科技（北京）有限公司,北京-西城区,1.5-2.2万/月,04-02
金融科技工程师,大成基金管理有限公司,北京,2.5-3万/月,04-02
高级数据分析师,FICO（费埃哲信息技术（北京）有限...,北京-西城区,20-30万/年,04-02
JAVA工程师,康美健康产业投资有限公司,北京-朝阳区,1.2-2万/月,04-02
数据分析师,武汉雍禾美度医疗美容门诊部有限公司,北京-朝阳区,1.5-2万/月,04-02
生物信息研发工程师,北京泛生子基因科技有限公司,北京-昌平区,1.7-2.2万/月,04-02
云数据库高级工程师,华为技术有限公司,北京-海淀区,2-2.5万/月,04-02
WiFi/BT SW FAE/AE,全科科技（深圳）有限公司上海分公司,北京-朝阳区,1-1.5万/月,04-02
数据算法工程师,时趣互动（北京）科技有限公司,北京-朝阳区,1-2万/月,04-02
Linux系统实施运维工程师,普强信息技术（北京）有限公司,异地招聘,0.8-1.4万/月,04-02
DBA工程师,北京同仁堂健康药业股份有限公司,北京-大兴区,1.5-2万/月,04-02
高级系统工程师,云网安信（北京）科技有限公司,北京-朝阳区,1.3-2万/月,04-02
APP测试工程师,北京快友世纪科技股份有限公司,北京,5-8千/月,04-02
高级工程师-车载OS,启迪云控(北京)科技有限公司,北京-海淀区,2-3.5万/月,04-02
高级算法工程师,北京康邦科技有限公司,北京-海淀区,2-2.5万/月,04-02
运维工程师,北京新意互动数字技术有限公司,北京,0.8-1万/月,04-02
安全运维,北京爱捷科科技有限公司,北京-海淀区,1-1.5万/月,04-02
Java高级开发工程师,慧影医疗科技（北京）有限公司,北京-海淀区,2-3万/月,04-02
防火墙 测试工程师,山石网科通信技术有限公司,北京,20-30万/年,04-02
运维工程师,北京博大光通物联科技股份有限公司,北京-大兴区,0.8-1万/月,04-02
机器学习算法工程师,北京鑫互联科技有限公司,北京-朝阳区,3-4万/月,04-02
高级测试工程师,国能日新科技股份有限公司,北京-海淀区,0.8-1.6万/月,04-02
Linux开发工程师,北京世纪东方通讯设备有限公司,北京-大兴区,1-1.5万/月,04-02
网络技术工程师,北京蓝汛通信技术有限责任公司,北京-朝阳区,1-1.5万/月,04-02
架构师,北京云迹科技有限公司,北京-海淀区,2-3万/月,04-02
高级前端开发工程师,恩梯梯数据（中国）信息技术有限公...,北京-朝阳区,20-35万/年,04-02
软件测试工程师,北京广誉远投资管理有限公司,北京-东城区,1.6-2.2万/月,04-02
oracle运维工程师（驻金宝街）,北京银信长远科技股份有限公司,北京,1.5-2万/月,04-02
软件测试工程师,紫光云数科技有限公司,北京-朝阳区,1-1.5万/月,04-02
应用运维工程师,北京侨福置业有限公司,北京,1-1.5万/月,04-02
资深产品验证工程师-数字前端,Cadence(北京楷登信息技术有限公司),北京-东城区,空,04-02
架构师,ExaLeap Hong Kong Limited,北京-海淀区,2.5-4万/月,04-02
大数据开发工程师,北京佳政佳和知识产权代理有限公司,北京-丰台区,1.5-2万/月,04-02
HR Digitization Specialist(004LSD),施耐德电气（中国）有限公司,北京,空,04-02
ASIC设计工程师,北京赛方德驰科技有限公司,北京,1.5-4万/月,04-02
生物信息工程师,中国医学科学院血液病医院（血液学...,异地招聘,15-20万/年,04-02
Java高级开发工程师,北京众维网络技术有限公司,北京-朝阳区,1.2-2万/月,04-02
数据挖掘工程师（应届毕业生/实习生）,YOHO!有货（江苏）商贸服务有限公司,北京-朝阳区,5-10万/年,04-02
AI（应届生户口指标）,北京中科大洋科技发展股份有限公司,北京-海淀区,1-2万/月,04-02
PHP高级开发工程师,韦博网讯科技（北京）有限公司,北京,1.5-2万/月,04-02
运维工程师,红演圈（北京）网络科技有限公司,北京-朝阳区,0.8-1万/月,04-02
人工智能实习生,NEC-日电卓越软件科技（北京）有限...,北京-朝阳区,3-4.5千/月,04-02
Linux运维工程师,北京智因东方转化医学研究中心有限...,北京-大兴区,0.6-1万/月,04-02
编译器开发工程师,清华大学微电子学研究所,北京,1.5-3万/月,04-02
全栈工程师,北京畅捷通支付技术有限公司,北京-海淀区,20-40万/年,04-02
高级测试工程师,房天下,北京-丰台区,1.5-2.5万/月,04-02
Java 开发工程师-北京-04657,上海中清龙图网络科技有限公司北京...,北京,1.5-1.9万/月,04-02
音视频处理解码工程师,北京神州天脉网络计算机有限公司,北京,1-1.5万/月,04-02
云运维工程师,北京龙腾佳讯科技股份公司,北京,4.5-6千/月,04-02
Java开发工程师,深圳多诺信息科技有限公司,北京-海淀区,1.5-2.5万/月,04-02
测试工程师,北京海顿中科技术有限公司,北京-海淀区,0.8-1.6万/月,04-02
中高级流程TD师,北京若森数字科技股份有限公司,北京-昌平区,1.5-2万/月,04-02
IT技术运维人员,北京中测安华科技有限公司,北京-海淀区,1-1.5万/月,04-02
初级生物信息工程师（生物信息应届毕业生）,北京北科德源生物医药科技有限公司,北京-海淀区,4.5-6千/月,04-02
生物信息研究员（蛋白质工程方向）,北京志道生物科技有限公司,北京,1-2.5万/月,04-02
图像处理算法软件工程师,北京中科戎大科技股份有限公司,北京,2.5-3万/月,04-02
系统运维工程师,北京新华祥瑞科技有限公司,北京-石景山区,1-1.5万/月,04-02
前端开发工程师,中宜云控互联网科技股份有限公司,北京-海淀区,1-3万/月,04-02
运维监控,北京海量数据技术股份有限公司,北京-海淀区,0.8-1.2万/月,04-02
中间件研发工程师（资深）,南京高泰科技有限公司,北京-石景山区,1.5-2万/月,04-02
中级数据工程师,北京中关村中技知识产权服务集团有...,北京-海淀区,1.2-1.5万/月,04-02
智慧城市研究院数据工程师,北京新京报传媒有限责任公司,北京-东城区,0.5-1万/月,04-02
网络工程师,北京正义网络传媒有限公司,北京-石景山区,0.8-1万/月,04-02
系统架构师,珠海宏桥高科技有限公司,北京,2-2.5万/月,04-02
前端开发工程师(J10754),北京北大方正电子有限公司,北京-海淀区,1-1.5万/月,04-02
网络信息安全攻防工程师-信息安全部,中移物联网有限公司,北京-西城区,1-1.5万/月,04-02
大数据分析工程师,天津晟越博思信息技术有限公司,北京,1.5-2万/月,04-02
测试工程师_精密工程中心,浙江大学山东工业技术研究院,异地招聘,0.5-1万/月,04-02
测试经理,北京中交车付宝科技服务有限公司,北京-海淀区,1-1.5万/月,04-02
运维工程师,诺华视创电影科技（江苏）股份有限...,北京-海淀区,0.8-1万/月,04-02
自然语言处理初级工程师,同方知网（北京）技术有限公司,北京,1-1.5万/月,04-02
高级运维开发工程师,北京华清信安科技有限公司,北京-朝阳区,1-2.5万/月,04-02
运维开发工程师,上海享学网络科技有限公司北京分公司,北京-朝阳区,3.5-6千/月,04-02
运维工程师,北京中科东信科技有限公司,北京-石景山区,0.8-1.6万/月,04-02
对日软件工程师,北京益祺邦科技有限公司,北京-朝阳区,1.5-3万/月,04-02
IT系统运维工程师/数据共享交换平台,北京国信新网通讯技术有限公司,北京-西城区,1-1.5万/月,04-02
java开发工程师,北京休恩博得科技股份有限公司,北京,1-2万/月,04-02
软件开发工程师,北京睿智思科科技发展有限公司,北京-朝阳区,0.8-1万/月,04-02
周末软件技术培训师,北京中科信软科技有限公司,北京-海淀区,1500元/天,04-02
web前端 APP软件开发工程师,北京润启华美信息系统有限公司,北京-昌平区,1-1.5万/月,04-01
中级软件开发工程师,海南义立科技有限公司,异地招聘,1-2万/月,04-01
数据研发工程师(J11654),北京华宇信息技术有限公司,北京-海淀区,0.8-1万/月,04-01
Web Engineer,Tesla特斯拉汽车,北京-朝阳区,2.5-3万/月,04-01
Javascript开发工程师,莱科德信息科技（天津）有限公司,北京-朝阳区,1-1.5万/月,04-01
DBA工程师,北京希瑞亚斯科技有限公司,北京-海淀区,2-4万/月,04-01
通信系统网络架构设计,航天行云科技有限公司,异地招聘,1.5-2万/月,04-01
驻场运维工程师（北京）,上海微创软件股份有限公司,北京,1-1.5万/月,04-01
高级软件研发工程师,北京几何科技有限公司,北京-朝阳区,2-4万/月,04-01
PHP高级开发工程师,清檬养老服务有限公司,北京-丰台区,1.5-2万/月,04-01
IoT Research Engineer,爱思特信息技术（上海）有限公司,北京,1.5-2.5万/月,04-01
引擎测试工程师,北京远鉴科技股份有限公司,北京-海淀区,1.5-2.5万/月,04-01
大数据开发工程师,大连博创人力资源开发有限公司,北京-海淀区,1.4-2.1万/月,04-01
Kubernetes开发工程师,北京北纬通信科技股份有限公司,北京,1.2-1.8万/月,04-01
IPv6/DNS研发工程师,下一代互联网国家工程中心,北京-大兴区,0.7-1.5万/月,04-01
系统架构师,同方股份有限公司,北京-海淀区,3-5万/月,04-01
安全研究员(中级),安百科技（北京）有限公司,北京-海淀区,1-2万/月,04-01
测试实习生（北京）,宏达通讯有限公司（HTC）,北京-海淀区,3-4.5千/月,04-01
大数据分析师,北京北大软件工程股份有限公司,北京-海淀区,2.5-3.5万/月,04-01
前端开发工程师,西马克技术（北京）有限公司,北京-朝阳区,1-1.5万/月,04-01
项目经理(332380),三一集团人力资源总部,北京,2.5-3万/月,04-01
系统开发工程师,北京海星严选科技有限公司,北京-朝阳区,1.5-2万/月,04-01
运维工程师,小蚁科技,北京-海淀区,12-30万/年,04-01
嵌入式软件测试工程师,北京云族佳科技有限公司,北京-海淀区,1-1.5万/月,04-01
网络协议研发工程师,北京品科技术有限公司,北京-海淀区,1.2-2.5万/月,04-01
数据建模工程师,北京中关村科金技术有限公司,北京-朝阳区,1.5-2.5万/月,04-01
计算机视觉算法工程师,北京迪路科技有限公司,北京-海淀区,1.5-3万/月,04-01
通信工程师,北京洛神科技有限公司,北京,0.6-1万/月,04-01
人事档案数字化加工软件开发人员,中国通信工业协会企业信息化建设委...,北京-海淀区,1-1.5万/月,04-01
前端开发工程师,广州奔步电脑有限公司,北京-朝阳区,0.8-1万/月,04-01
容器研发工程师,西安格蒂电力有限公司,北京-朝阳区,4-5万/月,04-01
Linux系统工程师,北京数盾信息科技有限公司,北京-丰台区,0.8-1万/月,04-01
数字IC后端设计工程师,北京联盛德微电子有限责任公司,北京-海淀区,1.3-2.5万/月,04-01
数据分析师,北京尚博信科技有限公司,北京-昌平区,1-2万/月,04-01
风险策略分析师-北京-19386,优信集团,北京-朝阳区,1.9-2.9万/月,04-01
行业研究员,上海帆茂投资管理有限公司,北京,0.8-1万/月,04-01
特效主管,北京环宇星漫文化传播有限公司,北京-朝阳区,2-2.6万/月,04-01
测试工程师,父母邦,北京-朝阳区,0.8-1.3万/月,04-01
算法工程师,北京融通智慧科技有限公司,北京-丰台区,3-5万/月,04-01
2019 Global Data - Market Data Analyst (Beijing),彭博Bloomberg,北京-西城区,空,04-01
00493-售后工程师-北京,云从科技,北京,0.8-1万/月,04-01
Wifi路由软件测试工程师,北京飞马容心科技有限公司,北京-朝阳区,6-8千/月,04-01
GIS数据工程师,广东旭诚科技有限公司北京分公司,北京-朝阳区,0.8-1.3万/月,04-01
C/C++产品开发工程师（入职即上五险一金）,北京文通科技有限公司,北京,1-1.5万/月,04-01
大数据架构师,北京百卓网络技术有限公司,北京-海淀区,2-2.5万/月,04-01
金融/银行风控类系统开发工程师,深圳市长亮科技股份有限公司,北京,0.8-1.6万/月,04-01
Ruby开发工程师,广州碧软信息科技有限公司,北京-海淀区,0.5-1万/月,04-01
zabbix工程师,北京天港惠达科技有限公司,北京-海淀区,0.6-1.2万/月,04-01
Java高级开发工程师,深圳市英威诺科技有限公司,北京,2.5-3.2万/月,04-01
动画绑定师,广州名动影视文化有限公司,北京-石景山区,6-8千/月,04-01
分布式存储开发工程师-武汉,北京同有飞骥科技股份有限公司,异地招聘,0.8-1.6万/月,04-01
测试开发工程师,北京酷车易美网络科技有限公司,北京-朝阳区,0.8-1.3万/月,04-01
信用花风控经理,360金融,北京-朝阳区,3-5万/月,04-01
Java开发工程师,西安图迹信息科技有限公司,北京,1.3-1.6万/月,04-01
高级应用运维工程师,国广东方网络（北京）有限公司,北京,2.5-3万/月,04-01
深度学习工程师（北京）,施耐德电气（中国）有限公司,北京,空,04-01
高级生物信息工程师,索真（北京）医学科技有限公司,北京-大兴区,1.2-2万/月,04-01
数据主管,北京元海慧诚金融服务外包有限公司,北京-昌平区,1-1.7万/月,04-01
C++开发工程师,同方股份智慧节能产业本部,北京-海淀区,1-1.5万/月,04-01
信息技术总监-北京-00836,大爱城投资控股有限公司,北京-朝阳区,3-3.9万/月,04-01
Architecture Engineer(Vision/Image),北京兆芯电子科技有限公司,北京-海淀区,2-2.5万/月,04-01
自动化运维工程师,北京火龙果软件工程技术中心,异地招聘,1.5-2万/月,04-01
C++高级开发工程师,艾利特捷（北京）咨询有限公司,北京-海淀区,30-40万/年,04-01
北京大数据工程师,北京中科特瑞科技有限公司,北京-海淀区,1-1.5万/月,04-01
BI数据挖掘顾问,蓝色光标-欧泰谱（CRM营销服务）,北京-朝阳区,0.9-1.2万/月,04-01
安全运维工程师,中铁建金服科技（天津）有限公司,北京-石景山区,1-1.5万/月,04-01
中高级自动化测试经理,上海梦创双杨数据科技股份有限公司,北京-石景山区,1-3万/月,04-01
渗透测试工程师,德国电信国际咨询公司（中国区）,北京-朝阳区,1-2万/月,04-01
大数据讲师,北京晟景秀程教育科技有限责任公司,北京-海淀区,2-3.5万/月,04-01
测试工程师,深圳市文德数慧科技开发有限责任公司,北京-海淀区,0.8-1.2万/月,04-01
项目经理,广州佰聆数据股份有限公司,北京-东城区,1-2万/月,04-01
2019暑期实习–大数据分析工程师,康明斯（中国）投资有限公司,北京,空,04-01
高级大数据开发及架构,杭州时聚科技有限公司,异地招聘,3-4万/月,04-01
系统运维工程师,北京赛威迅通科技有限公司,北京-朝阳区,5-8千/月,04-01
大数据工程师,汇纳科技股份有限公司,北京,1-2万/月,04-01
图像算法工程师,北京时代云英科技有限公司,北京-海淀区,2-2.5万/月,04-01
C++开发工程师,北京北清视通信息技术有限公司,北京,0.6-1.5万/月,04-01
iOS开发工程师,北京直真科技股份有限公司,北京-朝阳区,2-2.5万/月,04-01
驻场运维工程师,南京优速网络科技有限公司,北京-朝阳区,1-1.5万/月,04-01
高级网络安全工程师,北京安德医智科技有限公司,北京-丰台区,20-35万/年,04-01
解决方案工程师,思博伦通信科技（北京）有限公司,北京,1-2万/月,04-01
物联网架构师(006261),广联达科技股份有限公司,北京,50-65万/年,04-01
测试架构师,51Talk无忧英语深圳技术产品中心,北京-海淀区,1.5-2.5万/月,04-01
数据库工程师,北京智路桐行科技有限公司,北京-朝阳区,0.8-1万/月,04-01
数据分析师,MinTech,异地招聘,0.8-1.5万/月,04-01
算法工程师（ZY-T-20190326-X5）0865,太极计算机股份有限公司,北京-朝阳区,1-1.5万/月,04-01
开发运维工程师(J10268),北京腾云天下科技有限公司,北京,1.5-3万/月,04-01
测试开发工程师,北京蜜莱坞网络科技有限公司,北京,空,04-01
VMware虚拟化,北京科迈网通讯技术有限公司,北京-大兴区,0.8-1万/月,04-01
网络工程师,北京学为教育科技有限公司,北京-海淀区,0.8-1万/月,04-01
运维经理,斯润天朗（北京）科技有限公司,北京-丰台区,1.8-2.5万/月,04-01
数据库管理工程师,北京和众运输集团,北京-朝阳区,0.8-1万/月,04-01
高级运维工程师,北京博睿宏远数据科技股份有限公司,北京-东城区,1.5-2.5万/月,04-01
NLP算法工程师,广州探迹科技有限公司,北京-东城区,1.5-3万/月,03-31
Arduino 教师,国信蒲公英教育科技（北京）有限公司,北京-昌平区,6-8千/月,03-31
系统运维工程师,文思海辉金融,北京,1-1.5万/月,03-31
ETL开发工程师,中科软科技股份有限公司,北京-大兴区,1-1.5万/月,03-31
高级数据分析师（金融业务）,福建博思软件股份有限公司,北京,1-2万/月,03-31
网络运维工程师,知识产权出版社有限责任公司,北京-顺义区,0.6-1.2万/月,03-31
web后端开发工程师,北京通特润华科技有限公司,北京-海淀区,0.8-1万/月,03-31
应用运维工程师,易安财产保险股份有限公司,北京-海淀区,0.8-1.6万/月,03-31
网络安全防护工程师(001002),360企业安全集团,北京-朝阳区,1.8-3.6万/月,03-31
算法工程师,海尔集团公司,北京-西城区,10-15万/年,03-31
生信工程师,天津金匙生物科技有限公司,北京,1-1.2万/月,03-31
云计算工程师——华为,北京外企德科人力资源服务上海有限...,北京-昌平区,1.3-1.8万/月,03-31
高级图像处理工程师,英泰伟业信息技术股份有限公司,北京-海淀区,2-5万/月,03-31
Linux C/C++ 研发工程师,北京艾科网信科技有限公司,北京-海淀区,0.8-1.2万/月,03-31
生物信息工程师,北京百奥智汇科技有限公司,北京-海淀区,1.5-2万/月,03-31
高级机器学习工程师,北京汇影互联科技有限公司,北京-海淀区,2-3万/月,03-31
算法工程师,北京中电易达科技有限公司,北京-东城区,1.5-2.5万/月,03-30
生物信息研发工程师,北京星云医学检验实验室有限公司,北京-大兴区,1-1.5万/月,03-30
Android开发工程师,北京开科唯识技术有限公司,北京-石景山区,0.8-1.3万/月,03-30
运维工程师,北京慧闻科技发展有限公司,北京-西城区,1-1.5万/月,03-30
论文写手（高薪+现结+时间自由）,湖南正河电子商务有限公司,异地招聘,1-1.5万/月,03-30
数字前端设计工程师,超威半导体（中国）有限公司,北京,1-1.5万/月,03-30
Linux系统软件开发工程师,北京云手科技有限公司,北京-丰台区,1.5-3万/月,03-30
大数据技术总监,中标联检验检测认证集团有限公司,异地招聘,2.5-3万/月,03-30
深度学习算法工程师,四川艾科纳网络科技有限公司,北京-西城区,3-4万/月,03-30
软件工程师（2019年应届生职位）,中国长城科技集团股份有限公司,北京-海淀区,8-14万/年,03-30
Windows开发工程师,Nuance纽昂司软件技术（北京）有限...,北京,空,03-30
软件测试工程师,北京腾信软创科技股份有限公司,北京-西城区,1-1.5万/月,03-30
Modem DS SW developer(协议栈软件工程师),高通无线通信技术（中国）有限公司,北京,空,03-30
算法科学家(算法团队Leader),北京汇信世通咨询有限公司,异地招聘,5-6万/月,03-30
业务运维工程师,中科金审（北京）科技有限公司,北京,6-8千/月,03-30
算法工程师,深圳市酷开网络科技有限公司,北京,2-3.5万/月,03-30
测试开发工程师,神州网信技术有限公司,北京,1.5-2万/月,03-30
Java后台开发工程师—大数据,北京讯众通信技术股份有限公司,北京-朝阳区,1.5-3万/月,03-30
业务分析师,吉贝克信息技术有限公司,北京-海淀区,1-1.5万/月,03-30
运维工程师,建信融通有限责任公司,北京-西城区,17-30万/年,03-29
数据运营分析师,神策网络科技（北京）有限公司,北京-海淀区,1.5-2.5万/月,03-29
Web应用开发工程师,北京卡讵人才服务有限公司,北京-海淀区,1.5-2万/月,03-29
广告算法工程师,北京恩穗企业咨询有限责任公司,异地招聘,3-6万/月,03-29
软件工程师,萨姆森控制设备（中国）有限公司,北京-大兴区,6-8千/月,03-29
高级测试工程师,深圳百果园实业发展有限公司,北京,1.5-2万/月,03-29
ROS开发工程师,上海一坤电气工程有限公司,北京,1-2万/月,03-29
测试岗,清华大学信息化技术中心,北京-海淀区,0.8-2万/月,03-29
数据挖掘分析师,中国移动通信集团北京有限公司,北京,空,03-29
系统工程师,政务和公益机构域名注册管理中心（...,北京-海淀区,1-2万/月,03-29
大数据工程师,北京聚量广告传媒有限公司,北京-朝阳区,2-4万/月,03-29
互联网大数据运维工程师,天津人瑞人力资源服务有限公司,北京-朝阳区,2.5-5万/月,03-29
测试开发工程师,立信会计师事务所（特殊普通合伙）...,北京-丰台区,1.5-2.5万/月,03-29
安全服务工程师,杭州安恒信息技术股份有限公司,北京-海淀区,0.7-2.2万/月,03-29
产品架构工程师,北京天健源达科技股份有限公司,北京-丰台区,1.5-1.9万/月,03-29
工业大数据算法工程师（代招,北京华鑫安盾商贸有限公司,北京-海淀区,1-1.5万/月,03-29
生信工程师,北京优乐复生科技有限责任公司,北京-昌平区,1.5-2万/月,03-29
高级测试开发工程师,北京紫光得瑞科技有限公司,北京-昌平区,1.5-2万/月,03-29
软件开发工程师-数据处理,Qualcomm中国,北京-东城区,2-2.5万/月,03-29
前端开发工程师,北京众志好活科技有限公司,北京-东城区,1-1.5万/月,03-29
IC架构工程师,西安惠雷通信技术有限公司,北京-海淀区,0.8-1.3万/月,03-29
视觉算法工程师,龙铁纵横（北京）轨道交通科技股份...,北京,1.5-3万/月,03-29
生物信息工程师,北京光辉力成医药有限公司,北京-昌平区,1-1.5万/月,03-29
项目经理,上海科旭网络科技股份有限公司,北京-西城区,1-1.5万/月,03-29
芯片IC验证工程师,北京德才仕科技有限公司,北京-海淀区,1.4-3万/月,03-29
信用体系建设管理咨询顾问,诺一联合企业管理咨询（北京）有限...,北京-石景山区,0.6-1.2万/月,03-29
基因数据分析专员,北京预立创投生物医学科技有限公司,北京,0.8-1.5万/月,03-29
软件实施工程师,北京弘恒科技有限公司,北京,0.9-1.2万/月,03-29
深度学习算法工程师,全美测评软件系统（北京）有限公司,北京-朝阳区,1-3万/月,03-29
C、C++ 工程师（网络协议、数据库协议、数据库日志）,深圳市沃信科技有限公司,北京-朝阳区,1-1.5万/月,03-29
测试岗-安全方向,银清科技（北京）有限公司（中国人...,北京-海淀区,1-1.5万/月,03-29
人工智能研发工程师（音视频处理方向）,北京博苑未来管理顾问有限公司,北京-海淀区,0.8-1.5万/月,03-29
系统维护工程师,中国民航信息网络股份有限公司,北京,空,03-29
售前工程师,昆腾存储科技（深圳）有限公司,北京-朝阳区,20-30万/年,03-29
运维开发工程师,深圳天源迪科信息技术股份有限公司...,北京-东城区,1.2-1.5万/月,03-29
Senior Software Engineer 高级开发工程师,红帽软件（北京）有限公司,北京-海淀区,20-30万/年,03-29
数据治理平台架构师,北京联海信息系统有限公司,北京-石景山区,1-1.5万/月,03-29
特效主管,北京色彩空间文化传媒有限公司,北京,1.2-1.5万/月,03-29
数据分析工程师,北京寄云鼎城科技有限公司,北京-海淀区,2-4万/月,03-29
大数据维护/开发,陕西万德信息科技股份有限公司,北京-大兴区,6-9千/月,03-29
客户服务中心-数据分析工程师(J13595),金风科技-风机单元-质控中心,北京,1.5-2万/月,03-29
运维工程师,北京北信源软件股份有限公司,北京-海淀区,0.5-1.5万/月,03-29
IC验证工程师,华夏芯（北京）通用处理器技术有限...,北京-海淀区,1.5-2.5万/月,03-29
Web前端开发工程师,盈科视控（北京）科技有限公司,北京-昌平区,1-1.5万/月,03-28
大数据开发工程师,上海芮美生物科技有限公司,北京-海淀区,20-70万/年,03-28
生物信息工程师,北京金准基因科技有限责任公司,北京-海淀区,0.8-1.6万/月,03-28
Research Scientist- Molecular Analysis,先正达（中国）投资有限公司,北京-昌平区,20-30万/年,03-28
算法 工程师,中广核贝谷科技股份有限公司,北京-海淀区,2.5-3.5万/月,03-28
软件项目实施经理,北京数字政通科技股份有限公司,北京-通州区,1-1.5万/月,03-28
初级软件测试工程师（实习/应届）,北京量子保科技有限公司,北京-海淀区,4.5-6千/月,03-28
高级运维工程师,乐友国际商业集团有限公司,北京,1.5-2万/月,03-28
运维工程师,上海全成通信技术有限公司,北京,5-8千/月,03-28
Java中级开发（石景山办公）,北京友友天宇系统技术有限公司,北京-石景山区,0.8-1.3万/月,03-28
自然语言处理（NLP）实习生,西安翼展电子科技有限公司,北京-朝阳区,140元/天,03-28
Principal Data Scientist,韩领网络科技（上海）有限公司,北京-朝阳区,4-7万/月,03-28
Oracle数据库DBA,北京市速连科通信设备有限责任公司,北京-西城区,1-1.5万/月,03-28
AI数据工程师,神州灵云（北京）科技有限公司,北京-朝阳区,2-2.5万/月,03-28
c/c++研发工程师（缓存）,北京东方网信科技股份有限公司,北京-海淀区,1-1.5万/月,03-28
大数据开发工程师,北京兴财信息技术有限责任公司,北京-东城区,1.5-2.5万/月,03-28
影视数据分析师,上海冠勇信息科技有限公司,北京-朝阳区,1.5-2万/月,03-28
商业分析师,北京热云科技有限公司,北京-朝阳区,2-4万/月,03-28
大数据架构师,青海恒信融锂业科技有限公司,异地招聘,1.5-2.5万/月,03-28
系统资深工程师（系统运维）,北京天地祥云科技有限公司,北京-朝阳区,0.8-1.2万/月,03-28
数据分析师,中油龙慧自动化工程有限公司,北京-西城区,0.8-1万/月,03-28
测试专员php,北京大象联盟国际经贸中心,北京-海淀区,6-8千/月,03-28
后端工程师（华电智成）,北京华电天德科技园有限公司,北京-昌平区,1.5-2万/月,03-28
大数据开发工程师,民航数据通信有限责任公司,北京,10-30万/年,03-28
自然语言处理工程师（NLP）,北京万方软件有限公司,北京,1.5-2.5万/月,03-28
高级测试工程师,北京悦琦医疗科技有限公司,北京-大兴区,1-2万/月,03-28
自动驾驶系统软件工程师,北京纵目安驰智能科技有限公司,北京-昌平区,2.5-3.5万/月,03-28
ADAS视觉算法工程师,纵目科技（上海）股份有限公司,北京-昌平区,2-3.5万/月,03-28
架构师,开放智能机器（上海）有限公司,北京-海淀区,2.5-4万/月,03-28
高级运维工程师 (MJ000016),北京卡路里信息技术有限公司,北京-东城区,2.5-3.5万/月,03-28
数据分析师,南京烽火星空通信发展有限公司,北京,1-1.8万/月,03-27
首席技术官CTO,北京铭软云视科技有限公司,北京-海淀区,4-5万/月,03-27
Linux测试开发工程师/测试开发主管,北京凝思科技有限公司,北京-海淀区,0.6-1.2万/月,03-27
IT系统工程师,中金数据系统有限公司,北京,1.5-2万/月,03-27
中级Java开发工程师,高伟达软件股份有限公司,北京-海淀区,1-1.5万/月,03-27
数据治理工程师,北京明略软件系统有限公司,北京-海淀区,1-1.5万/月,03-27
Web前端开发工程师,北京凡影科技有限公司,北京-朝阳区,1.5-2万/月,03-27
应用工程师(LabVIEW),北京中科泛华测控技术有限公司,北京-海淀区,0.6-1万/月,03-27
咨询顾问（数据分析方向）,上海博阳精讯信息科技有限公司,北京-东城区,0.5-1万/月,03-27
IC验证工程师,联发科技股份有限公司,北京-朝阳区,30-45万/年,03-27
产品测试工程师,普源精电科技有限公司,北京-海淀区,0.6-1.2万/月,03-27
金融行业模型师,北京泛鹏天地科技股份有限公司,北京-朝阳区,1-1.8万/月,03-27
信息技术部-运营维护岗,国富人寿保险股份有限公司,北京,1-3万/月,03-27
测试开发工程师,北京直客通科技有限公司,北京-朝阳区,2.5-3万/月,03-27
技术服务工程师,北京永鼎致远网络科技有限公司,北京-海淀区,6-8千/月,03-27
初中级ETL数据开发工程师,中信网络科技股份有限公司,异地招聘,1-1.4万/月,03-27
数据库运维管理,北京阿提拉科技有限公司,北京,1-1.5万/月,03-27
C++软件开发工程师,北京迪浩永辉技术有限公司,北京-石景山区,1-1.5万/月,03-27
数据分析师（大数据）,北京赛思天成科技有限责任公司,北京-昌平区,0.8-1万/月,03-27
自动化运维工程师（西二旗）,南京优玛软件科技有限公司,北京-海淀区,1.5-2万/月,03-27
数据分析师,北京微酷客科技有限公司,北京-丰台区,1-2万/月,03-27
软件开发软件测试工程师,沈阳亚诗达科技有限公司,北京,0.6-1万/月,03-27
Revit二次开发工程师,北京国道通公路设计研究院股份有限...,北京-海淀区,0.8-1.2万/月,03-27
算法工程师,天宇正清科技有限公司,异地招聘,2-2.5万/月,03-27
北斗产品管理专员,北京讯腾智慧科技股份有限公司,北京,0.8-1.2万/月,03-27
